,id,email,gender,age,spending_beverage,spending_bakery,spending_canned,spending_frozen,spending_meat,spending_fruit_vege,spending_cleaner,spending_paper,cluster
0,1,cgaffey0@gmpg.org,Male,30,3.02,17.08,8.01,80.13,173.34,165.01,44.35,51.49,1
1,2,chamberston1@posterous.com,Male,46,45.12,48.96,29.19,12.96,198.96,241.05,6.31,20.3,1
2,3,egriffen2@deviantart.com,Male,66,12.07,24.44,47.18,62.79,59.81,175.5,37.77,63.67,5
3,4,cdurnian3@nyu.edu,Female,47,32.38,13.29,43.76,73.8,167.87,75.41,23.66,28.5,2
4,5,noreagan4@loc.gov,Male,24,36.05,28.1,16.01,14.32,125.87,171.87,24.3,37.47,1
5,6,scockhill5@discuz.net,Female,55,38.86,41.57,16.7,46.16,177.25,53.09,46.78,46.91,2
6,7,aavent6@sun.com,Male,48,31.32,16.57,40.16,75.6,53.65,97.3,42.9,23.77,2
7,8,arichmond7@github.com,Male,63,41.4,17.26,13.22,12.66,79.58,239.44,43.01,21.34,5
8,9,tparkins8@t-online.de,Female,57,37.8,69.36,37.26,83.23,99.86,3.25,1.13,66.38,2
9,10,ckase9@mysql.com,Female,41,15.99,7.68,14.33,73.91,11.57,126.45,26.34,29.82,5
10,11,rbeamesa@webnode.com,Male,69,4.43,40.78,35.81,64.11,77.94,40.66,36.86,36.39,2
11,12,lwasonb@studiopress.com,Male,67,16.09,20.8,33.12,7.94,161.53,227.29,41.2,30.37,1
12,13,etwentymanc@ebay.com,Male,26,21.79,23.92,5.39,30.96,14.99,49.4,32.31,20.08,2
13,14,lgilfordd@home.pl,Female,27,2.18,65.32,43.72,43.1,163.66,102.63,9.65,61.79,1
14,15,skincadee@t.co,Female,48,0.8,29.16,25.86,82.93,95.19,120.87,16.1,57.69,5
15,16,cilyushkinf@google.it,Female,32,13.59,21.11,24.29,69.97,86.97,7.95,17.02,57.29,2
16,17,jfoxtong@posterous.com,Male,44,49.97,46.21,11.99,50.36,23.15,240.82,41.26,42.5,5
17,18,rlundbergh@hao123.com,Male,29,45.08,68.0,19.07,75.32,75.96,175.67,13.96,51.0,5
18,19,wetocki@theglobeandmail.com,Male,69,48.19,10.45,39.28,85.02,22.23,240.11,45.41,65.22,5
19,20,gprewerj@comcast.net,Male,37,10.02,36.88,30.26,63.51,110.1,209.24,23.07,50.82,1
20,21,tmcnirlank@1688.com,Male,45,3.57,26.38,0.67,24.57,173.94,123.56,26.24,18.59,1
21,22,kchastangl@wufoo.com,Male,45,37.63,60.21,21.16,60.55,197.22,7.37,45.3,31.81,2
22,23,odelamerem@arizona.edu,Female,54,49.45,9.53,14.03,60.96,163.52,5.82,34.98,0.86,2
23,24,mrysdalen@yelp.com,Female,48,5.27,48.07,33.94,3.7,115.75,242.03,1.05,41.23,1
24,25,kbramfordo@fda.gov,Male,42,46.34,41.52,11.82,34.17,73.21,161.64,30.79,56.05,5
25,26,bcreboep@indiegogo.com,Male,68,4.7,13.54,20.52,40.19,194.58,244.4,43.13,23.56,1
26,27,dbereclothq@eventbrite.com,Male,40,8.28,52.16,31.96,98.64,131.28,214.94,14.04,54.35,1
27,28,npackr@virginia.edu,Male,22,6.79,13.02,22.98,36.04,25.89,67.75,24.94,73.43,2
28,29,hchapelhows@youtu.be,Female,39,15.56,17.58,32.59,34.45,181.3,127.46,36.99,10.03,1
29,30,mcaneot@indiegogo.com,Female,53,11.29,70.29,13.74,45.66,80.28,231.87,36.23,47.15,5
30,31,gkittemanu@i2i.jp,Female,54,8.73,27.49,25.82,94.06,98.01,139.19,1.53,50.8,5
31,32,mstirripv@ebay.co.uk,Male,50,34.13,61.15,41.97,42.44,178.14,109.23,8.11,36.9,1
32,33,ejoscelynw@51.la,Male,39,6.96,32.26,15.51,46.99,82.82,141.61,22.71,57.79,5
33,34,vhigounetx@slideshare.net,Female,52,28.3,66.12,18.77,82.94,163.73,28.95,2.46,51.27,2
34,35,unittiy@liveinternet.ru,Male,63,45.29,71.24,1.15,85.88,5.77,162.91,43.01,66.25,5
35,36,aparrishz@berkeley.edu,Male,43,45.07,67.21,11.73,61.63,108.55,5.22,1.05,26.87,2
36,37,ksayton10@mysql.com,Female,23,36.04,46.97,35.37,82.67,182.36,200.99,33.53,58.97,1
37,38,cdetloff11@weibo.com,Female,25,28.92,51.69,44.68,30.81,99.14,184.24,31.31,17.98,5
38,39,ntregale12@w3.org,Female,50,48.51,65.62,3.32,77.25,8.89,231.59,30.9,23.71,5
39,40,cdows13@printfriendly.com,Male,30,45.84,25.6,45.42,82.57,16.34,47.77,3.37,65.79,2
40,41,ejansens14@cnn.com,Male,32,0.74,58.14,19.89,97.91,115.56,100.57,16.37,6.8,2
41,42,bkielt15@posterous.com,Male,25,23.6,62.88,29.49,18.96,178.66,117.89,7.62,41.43,1
42,43,spesic16@reddit.com,Male,55,45.22,73.93,7.08,38.68,5.16,84.2,45.42,46.31,2
43,44,clanchester17@admin.ch,Female,25,45.81,7.5,18.62,81.77,54.72,128.1,24.72,58.66,5
44,45,tbrimming18@google.cn,Female,34,40.24,73.62,24.99,76.95,195.63,231.97,10.9,6.21,1
45,46,malbrooke19@shareasale.com,Male,27,21.14,61.15,35.85,82.34,160.07,12.07,33.22,29.01,2
46,47,aflagg1a@furl.net,Male,59,10.41,62.41,22.14,35.11,37.75,79.26,24.33,0.48,2
47,48,cverman1b@thetimes.co.uk,Female,44,33.51,71.99,47.89,28.1,117.43,208.02,7.47,18.39,1
48,49,mhenke1c@biglobe.ne.jp,Female,41,8.52,4.92,28.29,10.95,119.7,146.2,32.49,9.1,1
49,50,dearle1d@utexas.edu,Female,67,0.98,4.15,24.26,93.02,134.6,136.79,39.23,24.68,1
50,51,wtoone1e@wordpress.com,Female,69,7.93,23.66,32.07,50.55,146.82,126.91,49.45,46.24,1
51,52,gbissell1f@digg.com,Female,58,12.83,7.05,10.54,73.08,106.86,186.3,27.95,9.92,1
52,53,ekrysiak1g@imageshack.us,Male,60,13.85,28.05,7.19,20.03,140.69,10.77,21.77,14.17,2
53,54,ebilles1h@blog.com,Male,65,22.61,24.34,8.64,43.03,93.97,76.49,23.93,49.71,2
54,55,pcanniffe1i@ebay.co.uk,Male,49,12.83,46.08,23.04,4.64,9.55,199.22,41.3,38.72,5
55,56,mdevaen1j@webs.com,Female,21,16.86,44.63,37.12,13.03,21.2,219.13,21.53,60.47,5
56,57,hbridgwater1k@yandex.ru,Male,34,40.71,48.6,9.48,24.37,88.87,183.1,8.45,24.27,5
57,58,fsidebotton1l@eepurl.com,Male,24,8.66,60.01,41.31,0.2,117.63,95.29,20.76,8.97,2
58,59,dtemplman1m@creativecommons.org,Male,25,44.61,35.84,38.35,75.91,149.25,170.09,33.29,17.13,1
59,60,bbassano1n@bizjournals.com,Female,58,43.21,39.09,27.56,39.85,182.88,117.82,24.16,73.74,1
60,61,emoyce1o@wunderground.com,Male,32,20.63,35.03,42.27,71.65,191.86,227.43,18.31,35.66,1
61,62,nhunnable1p@cornell.edu,Female,59,2.96,66.78,35.06,68.49,141.62,14.9,0.46,59.16,2
62,63,dfahrenbacher1q@about.me,Male,65,15.54,68.38,32.86,12.63,113.33,81.96,36.19,49.64,2
63,64,bprowse1r@multiply.com,Male,63,45.2,50.85,44.08,61.03,106.66,137.53,31.65,74.65,1
64,65,drubel1s@over-blog.com,Male,33,18.47,32.66,3.26,25.49,48.83,63.3,28.25,6.65,2
65,66,dmila1t@csmonitor.com,Male,21,41.79,1.42,43.39,95.75,13.37,44.24,2.04,67.47,2
66,67,agut1u@dropbox.com,Female,33,28.4,43.83,22.6,61.61,40.39,152.0,17.22,38.64,5
67,68,adoby1v@blogspot.com,Female,56,23.39,28.5,1.7,97.6,150.3,155.69,34.21,9.59,1
68,69,bcuckson1w@issuu.com,Male,46,18.38,63.8,12.2,37.42,65.77,132.29,0.05,65.09,5
69,70,rpethick1x@t-online.de,Male,52,13.72,56.06,31.34,48.65,96.67,204.14,42.47,64.91,5
70,71,dmioni1y@hp.com,Male,62,13.62,45.67,18.58,68.07,180.85,129.44,47.74,65.48,1
71,72,lpostill1z@yellowbook.com,Male,69,31.82,34.95,4.56,13.62,11.98,124.01,1.93,12.81,5
72,73,sclift20@msn.com,Male,35,1.96,30.24,39.54,5.63,0.26,141.01,22.6,65.24,5
73,74,rworham21@exblog.jp,Female,70,2.67,32.66,1.77,48.9,105.45,13.02,35.89,70.77,2
74,75,ggrigoriev22@yahoo.co.jp,Female,41,48.37,74.06,42.72,5.66,164.94,234.45,9.65,8.38,1
75,76,mpeterffy23@pen.io,Male,51,30.95,63.0,0.12,21.18,164.83,126.44,34.21,17.36,1
76,77,csidgwick24@reverbnation.com,Female,20,5.82,3.33,36.84,92.9,49.09,58.45,19.82,45.81,2
77,78,bbusswell25@loc.gov,Male,55,35.97,66.58,42.01,45.09,20.46,147.24,12.8,27.08,5
78,79,hedbrooke26@de.vu,Male,54,41.91,61.49,11.2,90.21,42.64,142.89,42.3,10.08,5
79,80,cmcilvenny27@pen.io,Male,46,12.63,66.84,17.29,2.74,161.53,97.2,26.88,14.44,1
80,81,jgwyer28@histats.com,Female,51,5.46,23.78,10.73,78.41,22.16,62.69,20.15,4.8,2
81,82,jrollingson29@bbc.co.uk,Male,59,0.89,68.59,32.26,89.22,156.53,19.82,0.88,47.39,2
82,83,skornacki2a@smugmug.com,Male,24,20.65,37.84,19.05,81.74,94.66,59.16,7.23,31.05,2
83,84,hmohun2b@friendfeed.com,Male,23,48.22,52.28,1.91,82.9,57.07,67.98,7.98,33.49,2
84,85,xfeldheim2c@myspace.com,Female,64,21.44,42.99,15.93,49.67,116.72,197.95,25.76,50.72,1
85,86,ahowle2d@hugedomains.com,Female,31,16.32,44.26,15.29,41.03,164.55,37.0,23.77,13.14,2
86,87,shaliburn2e@cdbaby.com,Female,21,36.02,47.09,35.18,53.85,56.54,191.56,14.11,70.23,5
87,88,dbredee2f@pcworld.com,Male,53,14.77,21.08,45.05,66.7,102.03,113.11,15.72,43.22,2
88,89,sedghinn2g@smh.com.au,Female,69,37.55,60.39,14.83,62.09,5.98,135.8,36.99,29.45,5
89,90,mhargraves2h@yelp.com,Male,56,0.05,16.78,39.44,80.68,74.4,244.04,7.29,66.36,5
90,91,ofrome2i@seesaa.net,Female,64,1.48,9.66,20.97,21.97,76.42,92.25,18.24,20.42,2
91,92,lomara2j@auda.org.au,Female,37,14.95,4.27,9.92,98.43,42.88,22.77,39.38,7.45,2
92,93,schudleigh2k@wikia.com,Female,40,38.96,34.96,30.3,84.77,28.79,186.34,21.39,37.04,5
93,94,honolan2l@meetup.com,Male,36,19.46,68.12,48.7,27.57,84.46,41.32,10.97,72.78,2
94,95,ndubble2m@yahoo.co.jp,Male,37,40.52,4.39,26.42,39.32,8.24,114.08,7.5,13.07,5
95,96,torwell2n@1und1.de,Male,69,0.71,46.81,7.45,72.83,101.14,161.77,32.86,53.87,5
96,97,cschuelcke2o@slashdot.org,Male,67,46.52,23.53,49.44,1.4,173.24,198.41,43.73,5.1,1
97,98,ecowterd2p@addthis.com,Female,62,17.48,51.7,38.46,30.31,105.72,146.67,31.37,54.74,1
98,99,ajaneczek2q@blogs.com,Female,63,6.78,63.11,22.53,75.61,129.45,202.53,34.23,8.09,1
99,100,dschultze2r@fema.gov,Male,51,9.65,66.86,33.59,14.74,150.12,57.35,7.27,70.59,2
100,101,smulrenan2s@un.org,Female,56,18.82,58.45,23.01,35.74,151.12,7.96,17.64,21.48,2
101,102,dpetrashov2t@sciencedaily.com,Female,40,19.93,28.41,47.44,97.67,62.76,147.06,49.98,59.48,5
102,103,yormiston2u@nytimes.com,Male,32,46.21,33.85,34.08,96.78,126.35,20.33,27.87,33.48,2
103,104,mroizin2v@nba.com,Male,33,32.03,40.33,43.45,60.17,132.84,50.78,7.9,70.84,2
104,105,uitzhaki2w@printfriendly.com,Female,33,34.99,19.74,32.04,31.55,66.14,129.67,49.85,72.56,5
105,106,mwabersinke2x@chicagotribune.com,Female,52,31.95,26.13,45.84,90.89,175.14,228.78,17.27,37.54,1
106,107,omccarron2y@gov.uk,Female,27,48.67,3.38,19.79,34.31,103.37,112.82,33.13,15.79,2
107,108,kchampney2z@constantcontact.com,Female,58,0.64,57.13,22.41,85.49,153.11,126.98,38.99,1.97,1
108,109,ykilshaw30@trellian.com,Male,26,48.36,36.16,44.04,85.12,63.39,39.76,18.99,69.2,2
109,110,ojansens31@earthlink.net,Male,62,22.43,74.02,25.69,34.05,136.66,24.02,9.34,0.11,2
110,111,npoller32@purevolume.com,Female,70,2.08,62.46,30.53,87.52,152.24,214.86,14.66,1.42,1
111,112,lsans33@hexun.com,Male,39,6.16,73.34,18.56,20.23,163.95,53.79,27.64,13.52,2
112,113,tfencott34@usgs.gov,Female,24,46.2,50.88,36.61,27.71,125.17,228.44,12.22,62.84,1
113,114,werwin35@wired.com,Male,20,7.33,36.02,33.03,51.5,54.93,62.78,26.11,47.39,2
114,115,cvenart36@ox.ac.uk,Male,38,31.26,8.44,0.5,18.33,104.34,54.12,4.5,40.9,2
115,116,sglanville37@mapy.cz,Female,47,46.14,28.37,45.55,21.0,99.55,121.97,6.61,49.45,5
116,117,epenreth38@spiegel.de,Female,43,39.3,31.81,20.66,66.2,107.37,220.02,25.6,24.28,1
117,118,kbuckel39@yahoo.com,Female,46,39.39,56.81,47.67,21.62,2.6,155.02,27.04,46.09,5
118,119,hdevinn3a@fema.gov,Male,70,46.69,53.76,25.04,97.5,159.42,128.14,41.07,60.63,1
119,120,pstubbings3b@amazon.co.jp,Male,25,23.97,48.25,33.83,26.54,100.18,237.25,49.79,51.81,5
120,121,singlefield3c@bigcartel.com,Female,60,26.46,38.24,20.0,8.52,155.09,52.85,8.68,12.69,2
121,122,mhaycroft3d@dailymail.co.uk,Female,22,4.75,66.95,27.17,0.91,74.46,21.01,47.88,53.37,2
122,123,fpeare3e@topsy.com,Female,66,41.77,4.42,6.13,54.25,7.86,107.08,4.3,1.87,5
123,124,camaya3f@homestead.com,Female,43,46.49,2.32,10.52,64.37,146.18,16.11,25.8,54.6,2
124,125,rthiese3g@google.com.br,Male,39,12.59,28.83,35.21,45.44,165.03,1.86,26.22,24.21,2
125,126,mbedwell3h@ox.ac.uk,Male,43,4.31,31.01,15.36,32.44,20.94,36.64,11.94,23.18,2
126,127,dgunstone3i@sina.com.cn,Male,27,9.96,51.92,0.09,52.98,175.67,100.07,14.14,1.57,1
127,128,pangeau3j@nps.gov,Female,35,14.93,70.46,6.64,77.65,38.84,158.41,28.3,43.12,5
128,129,uangus3k@opera.com,Female,27,45.25,58.92,25.83,42.43,10.08,57.72,19.31,46.89,2
129,130,cemanuelli3l@360.cn,Male,37,34.02,52.01,29.04,30.45,179.24,92.82,32.02,49.31,1
130,131,efylan3m@nyu.edu,Female,26,31.74,23.64,48.42,83.81,84.84,41.45,28.87,46.83,2
131,132,jroget3n@networksolutions.com,Male,21,18.77,65.96,48.88,48.15,22.66,36.51,26.37,2.1,2
132,133,cattaway3o@symantec.com,Male,38,21.85,34.03,17.2,2.72,154.32,169.78,26.97,63.91,1
133,134,ideval3p@1688.com,Male,39,38.4,51.68,12.32,53.97,60.47,140.74,21.89,54.46,5
134,135,knyssens3q@privacy.gov.au,Male,49,8.54,46.13,26.26,97.71,155.42,121.63,11.33,55.15,1
135,136,gclemmey3r@pinterest.com,Male,27,27.56,20.34,2.6,16.37,59.75,34.75,37.26,42.39,2
136,137,astacy3s@ted.com,Female,35,15.55,26.71,33.0,74.12,199.33,200.28,29.15,22.71,1
137,138,lrisbridge3t@1und1.de,Male,49,39.98,19.0,11.36,61.53,119.92,121.39,25.84,26.72,1
138,139,adulton3u@un.org,Male,51,19.33,21.6,44.42,86.44,90.73,206.58,10.04,34.59,5
139,140,iberge3v@digg.com,Female,44,31.41,62.53,27.92,38.84,126.89,56.2,44.92,52.37,2
140,141,bvowden3w@last.fm,Female,44,3.66,47.85,41.18,84.64,187.89,117.05,16.76,31.84,1
141,142,gratledge3x@fc2.com,Female,34,35.92,10.04,32.94,28.23,127.62,163.92,13.69,21.87,1
142,143,kquirke3y@exblog.jp,Male,55,7.1,40.23,43.67,68.2,195.83,38.4,26.3,68.75,2
143,144,bhoyle3z@cbc.ca,Male,68,46.75,43.73,27.57,53.65,81.35,75.98,2.35,8.2,2
144,145,tizakson40@zdnet.com,Male,34,21.54,46.65,48.83,88.31,30.93,208.91,37.35,32.05,5
145,146,psay41@nbcnews.com,Female,66,36.47,6.68,14.51,75.27,68.81,118.3,11.3,40.07,5
146,147,ealliberton42@ebay.com,Female,37,12.74,7.59,35.85,0.63,167.08,55.88,42.94,52.04,2
147,148,mcochrane43@issuu.com,Female,21,38.1,57.27,43.15,51.51,141.4,239.02,13.54,32.34,1
148,149,ikaman44@wisc.edu,Female,28,8.41,29.8,12.22,40.18,31.67,117.36,19.39,39.23,5
149,150,lshah45@canalblog.com,Male,24,5.42,4.89,23.05,85.25,8.15,181.27,5.5,32.58,5
150,151,bmains46@hud.gov,Female,68,21.39,23.04,46.23,3.45,181.69,100.28,37.21,37.55,1
151,152,nybarra47@slideshare.net,Male,64,5.0,15.44,0.93,51.24,188.89,187.38,33.29,74.0,1
152,153,ekuhnwald48@nationalgeographic.com,Male,62,25.44,25.77,35.45,7.93,52.61,32.28,32.7,11.46,2
153,154,rkhomishin49@youtube.com,Male,36,43.03,34.21,37.68,17.36,118.36,103.97,6.15,61.31,2
154,155,kdrinkhall4a@google.co.jp,Female,27,19.42,30.05,38.05,52.01,160.11,133.69,12.72,7.01,1
155,156,mferrotti4b@sciencedirect.com,Male,21,25.91,73.05,18.16,50.03,122.34,231.82,7.44,26.5,1
156,157,lkitter4c@mozilla.com,Female,24,21.11,33.6,27.81,4.25,179.15,157.11,12.05,32.94,1
157,158,lbarnhill4d@abc.net.au,Male,53,4.66,0.78,45.43,62.67,32.8,35.58,22.04,65.5,2
158,159,mmorteo4e@exblog.jp,Female,30,4.9,20.77,30.12,96.49,181.92,7.78,22.12,23.24,2
159,160,mcagan4f@ocn.ne.jp,Female,21,41.69,41.91,17.58,98.72,199.63,29.54,14.32,1.12,2
160,161,lwalkey4g@yahoo.com,Male,23,36.06,11.17,20.01,83.17,154.54,113.89,31.32,5.39,1
161,162,cpucker4h@newsvine.com,Male,48,49.42,43.91,39.59,46.14,128.78,12.08,15.28,28.76,2
162,163,tparmley4i@wiley.com,Female,28,30.42,15.29,20.4,65.64,2.8,65.15,33.92,59.33,2
163,164,npeller4j@jimdo.com,Male,27,47.15,54.97,45.36,80.65,97.42,220.49,10.11,25.55,5
164,165,swatt4k@csmonitor.com,Male,61,17.91,65.75,16.79,76.42,174.39,10.42,41.23,46.96,2
165,166,ogruszecki4l@sun.com,Male,41,46.71,18.43,11.12,95.63,49.64,200.85,6.74,15.32,5
166,167,cmitkin4m@time.com,Male,65,18.92,31.52,34.87,59.86,79.36,148.63,17.64,66.81,5
167,168,wcasse4n@storify.com,Female,50,28.8,68.51,8.66,96.82,146.08,171.68,2.58,10.6,1
168,169,ncoysh4o@canalblog.com,Female,34,37.38,0.94,11.02,58.27,34.36,27.01,8.34,10.55,2
169,170,apiggen4p@amazon.de,Male,25,22.75,7.58,21.69,98.06,91.09,121.72,16.23,66.16,5
170,171,dhalle4q@sohu.com,Male,29,16.59,25.17,8.93,59.24,138.44,113.25,4.25,14.48,1
171,172,rkeppel4r@domainmarket.com,Male,42,17.26,17.7,19.47,97.54,65.76,96.55,6.71,34.6,2
172,173,osotheron4s@wikimedia.org,Male,22,10.25,3.68,8.09,19.29,27.46,0.52,37.24,20.1,2
173,174,dsomerscales4t@privacy.gov.au,Female,47,34.38,13.6,1.41,88.04,67.43,30.25,11.69,18.1,2
174,175,cberringer4u@mayoclinic.com,Female,46,14.46,39.45,38.65,76.38,89.35,156.45,46.03,65.69,5
175,176,soddboy4v@sitemeter.com,Female,38,16.94,53.5,6.39,37.39,46.0,91.77,46.1,71.58,2
176,177,amacnair4w@phoca.cz,Female,65,13.18,39.94,40.5,36.17,39.55,88.09,26.35,8.96,2
177,178,sbaford4x@qq.com,Male,48,26.66,56.33,40.44,43.49,112.82,57.75,21.26,39.35,2
178,179,hblazdell4y@wisc.edu,Male,27,22.06,73.43,35.45,87.53,142.65,76.49,23.94,28.62,2
179,180,swilderspoon4z@icio.us,Male,26,1.28,63.25,18.03,99.83,21.1,154.04,21.31,53.34,5
180,181,rkeetch50@parallels.com,Male,60,12.58,54.37,31.07,65.98,146.61,167.37,15.7,21.41,1
181,182,smuddiman51@cpanel.net,Male,26,41.3,37.13,32.13,85.08,172.17,126.81,1.7,6.59,1
182,183,cramel52@bbc.co.uk,Female,27,1.95,46.88,16.43,84.1,123.55,85.5,45.68,9.29,2
183,184,wtreves53@hao123.com,Female,26,18.67,65.85,47.53,7.69,170.04,201.62,6.23,9.23,1
184,185,bburgen54@unc.edu,Female,48,6.75,37.42,22.53,68.05,5.89,105.6,48.44,45.8,5
185,186,mharvey55@hexun.com,Female,58,20.05,17.99,46.1,20.72,81.89,79.6,9.61,71.82,2
186,187,mfannon56@wsj.com,Female,43,25.64,20.24,35.74,3.17,144.87,112.32,30.88,23.88,1
187,188,mwehden57@amazon.co.uk,Male,69,47.7,43.42,19.01,81.77,113.93,33.99,45.87,68.88,2
188,189,mhartington58@prlog.org,Male,32,40.34,17.28,46.75,80.65,7.22,203.47,10.94,71.31,5
189,190,edockerty59@wordpress.com,Female,49,5.14,15.85,22.97,7.58,49.15,191.33,29.54,42.28,5
190,191,rloweth5a@sun.com,Female,37,20.95,8.66,15.65,97.99,20.96,200.7,8.02,43.16,5
191,192,cburless5b@archive.org,Male,25,44.22,37.08,8.05,18.92,183.86,135.68,31.54,39.06,1
192,193,kwestnage5c@gmpg.org,Female,25,1.66,10.47,16.78,9.61,109.99,13.13,37.84,70.01,2
193,194,dkordes5d@bravesites.com,Male,54,2.56,12.26,49.03,30.5,54.29,106.45,34.72,20.12,5
194,195,rcurbishley5e@uiuc.edu,Male,67,14.02,4.6,49.21,98.32,1.76,126.21,3.26,18.53,5
195,196,tdrage5f@weebly.com,Male,62,42.94,65.57,7.84,20.02,149.94,205.61,5.2,25.66,1
196,197,wivanyushin5g@chicagotribune.com,Female,49,21.97,67.98,16.85,14.64,9.2,43.61,27.81,50.48,2
197,198,itrangmar5h@ted.com,Female,42,18.06,64.69,13.08,5.08,172.81,22.03,44.99,22.32,2
198,199,ddawltrey5i@shareasale.com,Female,61,3.73,29.63,36.32,75.03,24.22,177.66,22.3,33.28,5
199,200,aletertre5j@bbb.org,Female,66,48.35,59.55,34.99,27.67,78.26,220.95,19.26,2.36,5
200,201,gdickon5k@time.com,Female,24,28.96,66.05,27.79,43.43,192.93,154.16,25.72,16.86,1
201,202,lbranche5l@tiny.cc,Female,32,42.77,9.11,15.0,20.27,45.29,185.91,45.37,14.66,5
202,203,ntschursch5m@hud.gov,Female,25,37.54,34.31,7.02,8.86,193.02,174.52,9.99,58.81,1
203,204,ichidley5n@deliciousdays.com,Male,38,19.6,11.13,16.38,6.74,22.5,245.7,0.94,34.97,5
204,205,shesbrook5o@dagondesign.com,Female,59,19.95,62.72,47.17,27.75,143.62,31.13,46.32,55.77,2
205,206,bewenson5p@etsy.com,Male,68,36.79,72.03,9.62,61.02,53.98,177.52,44.25,4.47,5
206,207,lredmire5q@sina.com.cn,Male,61,29.07,70.3,22.6,98.15,12.7,131.8,29.79,51.09,5
207,208,jmavin5r@alexa.com,Female,35,34.65,32.09,44.24,55.41,89.8,91.88,18.8,6.06,2
208,209,gbendelow5s@tinypic.com,Female,57,27.26,17.97,3.92,28.3,71.03,5.92,12.14,39.6,2
209,210,mtaffie5t@gizmodo.com,Male,37,32.8,25.38,33.6,97.21,8.63,201.09,22.82,73.16,5
210,211,jinchley5u@360.cn,Female,43,29.77,8.12,23.13,68.49,100.95,10.33,33.39,70.0,2
211,212,llockery5v@psu.edu,Female,40,36.91,42.41,47.88,24.62,9.99,44.92,38.14,17.28,2
212,213,tgheeorghie5w@rambler.ru,Female,56,34.31,73.95,1.35,81.5,95.59,46.46,25.91,69.9,2
213,214,gmoncaster5x@statcounter.com,Female,20,34.86,51.83,46.57,6.65,32.87,20.77,25.95,49.28,2
214,215,umatthieson5y@digg.com,Female,35,31.58,33.69,8.82,50.55,82.0,59.29,11.71,54.02,2
215,216,wheigl5z@dion.ne.jp,Male,38,49.14,3.37,7.17,62.43,117.45,236.16,11.9,16.22,1
216,217,bbonnick60@photobucket.com,Female,55,23.13,57.69,38.9,19.45,141.03,121.71,7.17,54.5,1
217,218,rgabbetis61@wufoo.com,Male,52,8.49,16.74,1.46,82.92,186.11,104.89,22.57,37.61,1
218,219,tcharlin62@theglobeandmail.com,Female,62,23.45,4.62,32.19,71.95,112.91,107.19,38.94,44.8,2
219,220,smatyas63@paypal.com,Male,24,7.72,70.72,18.21,62.19,188.05,181.79,30.83,5.04,1
220,221,lforce64@ehow.com,Male,68,10.81,44.82,3.86,53.51,107.52,121.65,47.04,25.68,1
221,222,atrenfield65@patch.com,Female,45,30.71,51.15,46.41,72.58,61.51,115.1,28.38,31.29,5
222,223,lgerty66@senate.gov,Female,67,29.35,31.84,47.59,67.4,147.62,159.78,39.09,59.38,1
223,224,sfrick67@forbes.com,Male,41,41.17,24.85,11.59,77.61,33.58,105.08,27.96,64.33,5
224,225,lfarryann68@engadget.com,Male,70,12.23,3.94,23.99,84.67,48.5,186.43,41.37,1.8,5
225,226,cedmands69@usa.gov,Female,26,39.15,43.42,15.23,90.21,93.86,104.18,3.75,53.43,2
226,227,glambertazzi6a@columbia.edu,Male,65,47.23,47.88,22.86,95.49,115.34,243.27,49.6,38.74,1
227,228,msandon6b@nifty.com,Male,51,34.83,63.07,5.6,15.84,110.8,232.85,10.39,66.86,1
228,229,mhedman6c@creativecommons.org,Male,46,13.68,45.22,38.37,87.02,1.19,242.15,40.6,41.23,5
229,230,gtatham6d@google.com.br,Female,64,18.4,30.5,9.76,54.5,183.63,119.74,27.8,57.02,1
230,231,lmourant6e@upenn.edu,Male,53,13.36,9.43,12.88,63.05,3.66,114.33,29.59,54.66,5
231,232,jfridaye6f@baidu.com,Male,23,11.94,10.89,36.98,97.58,91.87,146.23,46.93,45.14,5
232,233,lwitheridge6g@army.mil,Female,27,46.66,56.07,15.59,76.04,26.78,72.85,0.2,32.28,2
233,234,erollingson6h@freewebs.com,Female,24,22.68,60.57,28.76,21.93,128.96,172.27,35.64,34.22,1
234,235,lgrime6i@whitehouse.gov,Female,49,25.35,39.47,13.77,52.23,198.75,146.07,15.37,48.53,1
235,236,lguttridge6j@sina.com.cn,Female,54,43.93,66.68,47.19,48.17,71.33,181.37,26.2,39.71,5
236,237,ubootman6k@stumbleupon.com,Male,55,28.74,6.09,1.74,68.12,163.07,51.76,31.4,74.93,2
237,238,acousins6l@census.gov,Female,70,38.68,31.14,1.42,40.26,13.48,155.2,45.15,10.48,5
238,239,aturnock6m@so-net.ne.jp,Male,59,26.46,53.84,14.09,47.32,115.12,107.81,9.97,58.82,2
239,240,cmauchline6n@gnu.org,Female,54,16.05,48.14,31.98,76.25,53.54,239.05,15.57,52.68,5
240,241,fscamadine6o@nationalgeographic.com,Female,42,2.02,42.36,45.91,53.68,108.43,223.19,39.56,45.54,1
241,242,gchilcott6p@msu.edu,Female,68,20.46,19.26,1.23,74.77,60.9,152.76,4.88,34.29,5
242,243,cdoggart6q@multiply.com,Male,26,30.86,25.12,31.38,13.03,89.94,233.03,22.28,34.79,5
243,244,alethem6r@edublogs.org,Female,30,37.27,70.7,1.12,46.23,35.8,248.2,40.21,39.7,5
244,245,edanielsen6s@sogou.com,Male,51,45.98,34.0,18.04,80.27,78.6,180.82,14.18,22.69,5
245,246,bliger6t@earthlink.net,Female,50,0.52,4.59,44.84,14.52,104.9,142.0,17.96,59.34,1
246,247,pbarense6u@wikipedia.org,Female,46,9.85,2.45,7.97,88.62,177.85,48.05,42.93,35.8,2
247,248,tlinthead6v@amazon.de,Female,64,8.1,43.14,32.6,25.79,152.89,88.44,29.58,63.67,2
248,249,ptriggel6w@cloudflare.com,Female,49,47.08,38.31,28.76,69.71,156.98,52.96,11.84,20.13,2
249,250,mteenan6x@nhs.uk,Male,25,43.24,49.39,8.32,38.36,19.02,26.25,3.38,50.29,2
250,251,tmiettinen6y@tinyurl.com,Female,22,16.47,54.65,16.71,92.25,38.45,82.17,20.43,37.8,2
251,252,wgoodrum6z@pinterest.com,Male,20,22.03,39.67,38.72,68.28,115.22,191.34,30.75,19.38,1
252,253,bpeterson70@google.it,Male,62,47.36,47.77,10.08,17.08,193.85,234.37,47.08,71.4,1
253,254,gkeaton71@mapy.cz,Female,66,42.97,73.58,24.43,94.04,77.66,50.85,32.68,2.9,2
254,255,ocorpe72@mapquest.com,Female,46,5.7,27.27,25.34,2.52,143.95,215.35,27.26,25.09,1
255,256,cpeirce73@answers.com,Female,45,40.11,27.36,33.35,94.9,179.37,241.14,21.99,13.9,1
256,257,eelsby74@squarespace.com,Male,26,29.59,16.36,9.23,89.04,71.71,142.36,13.95,72.5,5
257,258,ddrennan75@goo.gl,Female,37,26.98,22.27,35.92,46.34,178.35,161.26,22.75,45.03,1
258,259,pfowls76@cyberchimps.com,Male,64,17.27,34.74,15.74,25.3,25.4,31.72,32.43,51.44,2
259,260,gcoysh77@xinhuanet.com,Male,39,6.6,7.84,45.17,20.26,3.18,11.98,37.02,43.3,2
260,261,nbilverstone78@intel.com,Male,33,13.54,19.58,33.72,15.3,154.76,116.57,49.08,12.23,1
261,262,dcheel79@amazon.com,Male,69,36.48,10.05,15.98,18.06,136.49,91.73,23.73,14.31,2
262,263,cboddam7a@redcross.org,Male,31,22.37,38.68,8.81,84.58,121.85,23.37,29.72,35.51,2
263,264,btorvey7b@ebay.co.uk,Male,46,47.51,14.33,36.33,42.94,81.34,140.45,25.47,41.68,5
264,265,rblight7c@deliciousdays.com,Female,36,19.9,37.31,32.87,88.86,184.75,97.56,48.91,2.05,1
265,266,mmoulson7d@imdb.com,Male,58,3.82,30.99,29.39,52.91,153.9,241.41,48.27,39.74,1
266,267,lallner7e@tripod.com,Male,60,29.56,42.78,35.06,91.53,91.89,52.65,37.43,4.61,2
267,268,ajuares7f@apple.com,Male,58,16.57,58.33,24.83,26.79,78.43,23.87,38.35,4.89,2
268,269,feast7g@opensource.org,Female,21,41.06,44.12,31.54,15.07,177.68,242.62,18.17,44.44,1
269,270,nbarth7h@list-manage.com,Female,20,14.78,10.78,15.51,21.53,18.35,199.97,25.67,40.08,5
270,271,lkenlin7i@gizmodo.com,Female,60,40.04,50.09,18.41,68.27,110.8,189.01,0.98,36.52,1
271,272,nbuick7j@addtoany.com,Female,50,36.24,39.8,17.87,61.13,148.48,89.7,24.01,61.56,2
272,273,skyncl7k@wikia.com,Male,53,4.58,8.1,23.93,17.77,134.87,24.32,0.32,20.33,2
273,274,mgibbard7l@nasa.gov,Male,47,43.41,18.46,41.93,20.78,94.07,226.07,12.59,24.3,5
274,275,ewaggitt7m@wordpress.org,Female,54,27.03,55.75,41.81,66.32,55.99,46.21,29.05,41.63,2
275,276,ptebald7n@bbb.org,Male,27,12.5,62.65,7.79,28.35,119.44,227.32,33.25,70.25,1
276,277,ehattiff7o@usda.gov,Male,25,10.67,72.65,42.37,46.14,72.26,27.8,36.26,51.29,2
277,278,zswainger7p@skyrock.com,Male,68,0.13,55.06,23.0,75.65,80.43,232.44,18.81,44.93,5
278,279,abozward7q@blinklist.com,Female,31,15.24,37.18,35.54,88.77,38.64,194.09,40.73,40.13,5
279,280,drusse7r@webs.com,Female,41,24.78,63.66,7.83,51.72,133.79,205.34,41.54,5.81,1
280,281,lpauluzzi7s@state.tx.us,Male,22,25.17,58.91,35.34,8.8,10.12,186.78,39.9,38.71,5
281,282,kquigley7t@engadget.com,Male,66,33.01,40.01,10.61,96.56,64.09,0.73,25.23,1.64,2
282,283,heberts7u@last.fm,Male,30,22.64,37.88,8.54,90.66,38.42,221.77,48.93,11.36,5
283,284,sdunbavin7v@statcounter.com,Male,54,18.72,25.32,49.46,31.38,176.59,195.94,39.75,69.03,1
284,285,asellner7w@sphinn.com,Male,43,38.5,2.43,26.34,84.55,109.5,204.78,49.02,5.15,1
285,286,sfirminger7x@g.co,Female,32,44.92,13.05,10.25,77.4,49.79,5.0,45.87,14.46,2
286,287,ibudibent7y@photobucket.com,Male,44,35.87,66.91,36.04,67.63,115.97,53.74,6.95,56.16,2
287,288,bmibourne7z@google.ru,Female,32,23.06,29.07,30.81,41.93,16.34,240.54,39.74,46.33,5
288,289,tpanketh80@clickbank.net,Male,61,3.5,43.39,20.35,95.84,56.56,179.2,21.32,39.08,5
289,290,mosculley81@paginegialle.it,Male,66,11.12,19.46,7.9,27.99,73.33,243.69,9.38,74.23,5
290,291,lsollon82@surveymonkey.com,Female,33,17.32,59.97,49.17,13.41,31.42,114.14,11.58,24.16,5
291,292,gkezar83@plala.or.jp,Male,58,19.48,42.67,41.76,90.74,161.1,25.0,5.62,29.64,2
292,293,ahealey84@admin.ch,Female,50,1.19,61.15,29.54,1.38,114.32,193.34,25.03,11.83,1
293,294,mspere85@ox.ac.uk,Male,52,0.16,50.68,1.41,90.35,105.82,229.55,0.76,46.19,5
294,295,abenoix86@webmd.com,Female,60,10.68,21.04,30.4,6.14,16.97,69.85,46.53,28.98,2
295,296,ldibling87@marriott.com,Male,28,6.87,21.94,11.08,17.21,138.11,9.8,30.27,47.67,2
296,297,cfawbert88@stanford.edu,Female,56,20.65,36.42,7.08,67.23,78.89,4.33,26.41,65.46,2
297,298,kbinch89@linkedin.com,Male,41,33.65,72.16,47.21,49.65,70.4,227.32,21.1,38.08,5
298,299,jhanaby8a@psu.edu,Female,59,10.34,36.38,46.29,79.36,47.84,113.28,46.38,26.59,5
299,300,amoxstead8b@qq.com,Female,43,38.35,14.77,14.82,15.19,184.99,98.28,43.82,34.08,1
300,301,plambirth8c@elpais.com,Female,58,21.72,21.91,19.0,69.42,97.27,156.06,19.94,25.75,5
301,302,dpittson8d@guardian.co.uk,Male,54,34.66,43.81,30.42,45.54,12.27,39.97,6.99,67.25,2
302,303,aschollar8e@chicagotribune.com,Female,33,42.93,53.63,10.72,85.67,84.13,116.58,2.65,34.04,5
303,304,lvanyarkin8f@senate.gov,Female,45,21.51,26.97,30.88,48.91,174.89,99.14,24.72,45.22,1
304,305,mgerrit8g@samsung.com,Male,59,13.72,74.21,43.91,48.31,27.18,183.0,1.57,64.86,5
305,306,bbearcock8h@jalbum.net,Female,45,20.73,56.88,43.91,53.8,68.19,123.34,34.45,20.15,5
306,307,cashwood8i@nature.com,Female,31,21.86,37.08,23.66,27.07,159.25,168.26,37.99,65.04,1
307,308,vainslie8j@scientificamerican.com,Male,60,26.41,22.59,26.97,70.91,135.08,117.99,40.89,5.06,1
308,309,cjowling8k@privacy.gov.au,Female,51,35.28,48.51,10.3,24.5,32.83,200.31,23.9,74.97,5
309,310,dgregolotti8l@bbb.org,Female,46,48.33,13.77,36.73,45.13,190.0,225.71,45.69,8.29,1
310,311,lchauvey8m@spotify.com,Male,35,32.8,36.87,48.37,92.34,46.2,67.88,4.78,41.81,2
311,312,dseckington8n@mit.edu,Female,49,45.57,41.8,0.13,5.23,158.91,10.79,41.58,66.88,2
312,313,mmcgenn8o@cisco.com,Female,35,44.96,37.14,23.98,48.48,2.95,20.49,36.23,54.3,2
313,314,aarmal8p@ed.gov,Male,48,33.08,16.93,13.15,25.12,159.55,26.04,16.38,10.25,2
314,315,molahy8q@google.ru,Female,66,13.93,25.75,13.98,72.92,111.5,221.73,15.21,70.88,1
315,316,gverbeek8r@dedecms.com,Female,53,18.72,40.53,31.23,93.76,123.45,100.46,24.74,73.49,2
316,317,eassante8s@delicious.com,Female,60,39.35,34.5,10.71,80.4,45.07,83.99,47.49,56.86,2
317,318,kalesin8t@surveymonkey.com,Female,66,15.64,30.44,20.55,27.35,93.41,100.75,2.42,44.04,2
318,319,savent8u@tinyurl.com,Male,56,10.67,64.76,8.75,81.39,101.76,247.55,33.81,65.29,5
319,320,aorpin8v@dion.ne.jp,Male,52,0.88,34.84,45.41,83.6,74.04,140.59,20.75,17.73,5
320,321,mceccoli8w@foxnews.com,Male,46,24.85,47.06,4.1,26.93,187.09,60.99,38.1,15.03,2
321,322,csummerton8x@discuz.net,Male,61,1.32,74.87,12.77,87.88,171.58,133.5,47.82,53.55,1
322,323,tboodell8y@tinyurl.com,Male,48,16.54,30.81,25.02,29.3,178.63,223.39,34.43,67.05,1
323,324,dmctaggart8z@creativecommons.org,Female,48,47.68,46.28,44.97,56.81,122.33,80.3,11.07,45.71,2
324,325,isussans90@hao123.com,Male,57,31.04,38.53,8.59,26.61,146.73,184.3,33.05,36.85,1
325,326,staplin91@cloudflare.com,Male,45,45.5,27.6,41.74,37.33,76.97,114.79,20.5,12.43,5
326,327,swanjek92@ebay.co.uk,Male,66,36.91,38.71,6.05,47.84,20.07,166.57,34.24,23.01,5
327,328,rillesley93@google.co.uk,Female,59,3.7,7.11,28.97,30.79,14.31,137.45,23.42,51.88,5
328,329,kvondracek94@hubpages.com,Male,43,43.38,20.01,30.36,60.65,163.85,34.72,30.0,26.97,2
329,330,solivia95@redcross.org,Male,29,48.87,39.63,5.65,7.61,196.7,212.87,27.19,64.81,1
330,331,jphripp96@gizmodo.com,Female,56,0.37,31.58,46.23,39.41,90.6,179.84,20.08,52.53,5
331,332,dmeenan97@livejournal.com,Male,68,14.04,19.14,33.84,46.69,39.17,61.77,7.38,65.76,2
332,333,fdarville98@va.gov,Male,43,13.7,32.94,10.91,16.53,20.05,42.03,28.86,49.27,2
333,334,bgreenleaf99@youku.com,Male,41,31.15,65.63,0.91,43.86,78.3,100.94,1.82,41.78,2
334,335,lturvey9a@bloglines.com,Male,49,40.66,38.22,25.11,61.26,74.43,52.85,7.42,63.42,2
335,336,voxborough9b@spotify.com,Male,26,33.05,45.54,48.93,0.39,102.38,144.04,34.56,4.27,1
336,337,awipfler9c@nymag.com,Male,38,33.95,20.06,24.58,37.7,69.14,97.18,19.57,5.59,2
337,338,sagius9d@hp.com,Female,44,7.74,59.7,31.24,59.99,163.75,11.76,45.3,73.77,2
338,339,kseifert9e@imdb.com,Male,57,5.77,57.47,29.61,5.34,39.22,109.17,23.39,51.0,5
339,340,mbreheny9f@mysql.com,Female,40,24.84,47.57,35.09,20.22,95.23,240.98,28.32,50.28,5
340,341,mlittlewood9g@youtu.be,Male,70,38.33,69.2,32.8,56.91,58.36,161.62,10.52,47.37,5
341,342,bfinicj9h@surveymonkey.com,Male,44,31.53,63.4,4.3,10.89,129.34,241.69,38.31,14.22,1
342,343,pwanley9i@nyu.edu,Male,54,21.98,53.4,22.75,55.28,154.8,2.83,37.06,23.21,2
343,344,nwilflinger9j@usatoday.com,Female,31,47.19,57.49,41.1,20.48,29.92,203.2,9.51,44.74,5
344,345,awinstanley9k@yolasite.com,Male,35,34.53,39.76,32.56,21.54,135.77,159.42,34.02,74.63,1
345,346,llodevick9l@simplemachines.org,Male,21,5.24,73.46,38.46,87.52,64.0,122.47,19.57,32.52,5
346,347,pstockall9m@zimbio.com,Female,41,48.62,23.52,14.19,19.06,184.33,19.22,44.48,8.72,2
347,348,rbadham9n@salon.com,Female,59,4.48,16.7,20.32,59.81,28.02,129.73,41.21,16.03,5
348,349,fcrosskill9o@meetup.com,Female,33,15.83,9.47,41.71,80.34,149.14,166.0,37.77,56.68,1
349,350,gbeardsley9p@photobucket.com,Male,26,42.03,45.72,39.01,84.45,24.17,50.38,43.05,25.51,2
350,351,bbearcock9q@cam.ac.uk,Female,51,2.84,13.38,28.3,34.34,172.98,20.96,16.81,38.4,2
351,352,gpartner9r@mayoclinic.com,Female,66,22.13,12.71,46.14,15.43,7.6,167.0,11.07,15.92,5
352,353,aaberchirder9s@sciencedaily.com,Female,33,11.29,57.41,26.73,64.81,9.68,166.89,17.06,50.66,5
353,354,lgeindre9t@de.vu,Male,30,15.51,17.81,45.2,74.93,22.33,226.54,0.89,65.85,5
354,355,sginnane9u@kickstarter.com,Male,41,26.5,56.84,32.48,94.39,89.59,24.8,45.37,27.08,2
355,356,hlabrow9v@sina.com.cn,Female,64,4.08,12.85,28.3,51.66,10.23,186.37,26.86,42.99,5
356,357,pzotto9w@woothemes.com,Male,53,9.85,71.64,14.03,44.87,13.67,113.1,45.49,50.26,5
357,358,slewcock9x@comcast.net,Female,28,20.05,16.87,1.16,20.01,157.98,187.04,22.79,4.98,1
358,359,mtann9y@biglobe.ne.jp,Female,31,35.96,6.62,36.07,25.45,151.83,194.58,3.86,22.09,1
359,360,edoggett9z@alibaba.com,Female,40,38.38,7.94,8.11,10.45,159.25,31.32,37.3,50.17,2
360,361,rmussolinia0@macromedia.com,Female,24,30.58,29.64,30.54,87.68,58.96,216.53,28.23,57.84,5
361,362,lbeavera1@miibeian.gov.cn,Female,35,22.82,50.75,20.17,35.51,6.44,181.45,43.87,39.72,5
362,363,jkirwooda2@va.gov,Male,60,18.09,22.89,26.84,53.65,12.71,12.16,10.89,50.38,2
363,364,cwafera3@friendfeed.com,Female,34,11.29,65.78,43.27,94.49,72.37,222.51,23.75,7.06,5
364,365,rbaroca4@studiopress.com,Female,35,28.03,55.95,37.66,31.51,139.43,88.18,40.25,44.99,2
365,366,jfortnama5@twitter.com,Male,49,13.05,34.5,40.74,80.99,121.09,83.91,24.68,36.7,2
366,367,hmartellinia6@flickr.com,Male,50,2.64,44.75,9.06,70.3,148.95,109.56,29.61,30.31,1
367,368,ebranchflowera7@simplemachines.org,Male,34,11.29,39.36,10.75,7.77,82.72,193.97,28.54,53.45,5
368,369,hberzina8@bloomberg.com,Female,57,41.08,6.8,37.03,95.27,141.5,57.67,13.86,27.78,2
369,370,dmowdaya9@deviantart.com,Male,26,28.26,53.8,38.12,82.09,146.43,188.26,47.14,35.11,1
370,371,nmacveyaa@ask.com,Male,64,34.48,5.54,35.82,24.48,18.0,185.72,36.89,20.8,5
371,372,wstroulgerab@apple.com,Male,23,35.97,72.98,11.43,47.57,132.65,87.01,19.15,57.18,2
372,373,hshapiroac@pagesperso-orange.fr,Male,47,7.14,2.73,23.26,39.7,47.47,69.82,36.13,61.93,2
373,374,kbrislandad@trellian.com,Male,70,32.22,10.11,26.4,99.03,166.96,159.52,40.92,24.91,1
374,375,kcinoae@odnoklassniki.ru,Female,57,11.89,62.28,14.82,50.46,45.37,222.71,9.64,24.57,5
375,376,jmaffioniaf@chronoengine.com,Female,70,9.43,29.29,39.86,71.87,91.51,145.03,30.65,22.82,5
376,377,zloosag@reverbnation.com,Male,66,41.36,16.25,10.57,28.25,85.0,232.14,8.17,19.59,5
377,378,bpattisonah@xinhuanet.com,Female,55,41.52,62.6,12.93,69.24,161.51,245.65,17.13,28.87,1
378,379,htidmarshai@google.ca,Female,59,37.61,32.72,28.37,51.42,31.07,208.72,8.95,30.67,5
379,380,vpelzeraj@odnoklassniki.ru,Female,47,49.16,44.54,37.91,56.01,188.73,98.44,46.42,59.86,1
380,381,ddeneak@chronoengine.com,Female,60,7.75,27.19,21.67,96.8,74.88,127.93,18.18,7.94,5
381,382,ktremontanaal@merriam-webster.com,Female,61,8.32,7.22,30.7,3.04,162.17,58.03,46.5,35.65,2
382,383,parkleam@quantcast.com,Female,65,42.14,47.74,1.66,59.37,141.66,49.96,0.44,35.18,2
383,384,vladymanan@nydailynews.com,Male,33,38.05,53.03,14.7,86.56,110.96,4.62,40.88,18.25,2
384,385,ablanceao@aol.com,Female,26,31.8,48.67,27.53,99.73,36.92,3.57,0.96,4.75,2
385,386,csuscensap@phoca.cz,Male,21,36.93,43.58,1.61,18.95,140.53,220.91,45.77,31.62,1
386,387,briddickaq@oracle.com,Male,53,1.99,50.51,43.42,5.2,60.47,150.59,38.75,22.43,5
387,388,asketchleyar@washingtonpost.com,Male,49,34.64,29.62,26.28,70.33,177.78,223.74,39.04,50.52,1
388,389,vlarderotas@google.com,Male,32,29.58,66.11,41.85,5.86,144.72,174.04,32.48,73.39,1
389,390,rrandalesat@ca.gov,Male,47,8.49,27.69,29.88,41.54,73.76,192.33,28.93,4.49,5
390,391,fjenningsau@apple.com,Female,61,2.7,61.63,38.94,89.92,153.12,224.6,45.89,17.64,1
391,392,ddowsingav@oracle.com,Female,47,19.77,13.97,32.71,23.62,28.62,242.3,0.95,36.89,5
392,393,jfarquharsonaw@comsenz.com,Female,43,25.97,74.92,5.2,83.69,78.1,186.75,34.02,73.73,5
393,394,gshowlerax@multiply.com,Male,56,28.12,58.33,17.6,7.49,5.5,173.33,19.08,51.2,5
394,395,npirtay@census.gov,Female,27,8.19,55.81,29.18,10.07,183.59,10.63,48.72,18.16,2
395,396,dandrettiaz@aboutads.info,Male,48,18.27,15.88,20.11,54.48,84.39,193.42,2.18,61.21,5
396,397,umuscottb0@oracle.com,Male,50,46.29,51.17,44.84,31.52,89.72,51.08,15.57,7.55,2
397,398,apablosb1@naver.com,Male,64,31.16,36.56,49.35,25.33,72.27,3.33,8.04,16.02,2
398,399,dogradyb2@weebly.com,Female,50,9.57,32.66,2.16,32.94,189.95,47.82,47.12,19.76,2
399,400,mpavierb3@engadget.com,Female,35,16.77,51.62,30.11,6.55,181.69,210.44,46.86,9.73,1
400,401,gpycockb4@fema.gov,Male,43,10.99,70.18,49.38,93.15,62.84,143.83,43.26,57.52,5
401,402,ooverpoolb5@cbc.ca,Male,66,10.9,58.62,5.19,92.77,38.62,203.1,36.62,45.42,5
402,403,cmccloidb6@feedburner.com,Female,50,49.03,32.43,1.17,97.56,145.37,20.56,31.75,69.24,2
403,404,callnuttb7@altervista.org,Female,49,36.93,54.65,33.03,42.57,187.92,206.03,46.81,68.34,1
404,405,mourryb8@chronoengine.com,Female,67,30.06,22.17,11.23,71.02,125.98,5.15,2.75,17.62,2
405,406,aebrallb9@ycombinator.com,Male,60,14.09,38.6,42.63,91.86,147.44,211.44,48.97,10.03,1
406,407,ebreckenridgeba@ucoz.ru,Male,54,3.6,35.03,40.75,79.77,57.04,60.9,19.74,0.32,2
407,408,etellettbb@vimeo.com,Male,56,18.9,10.98,35.08,1.65,77.18,230.79,30.26,2.82,5
408,409,rhanshawbc@sohu.com,Female,45,16.95,40.53,45.69,19.1,29.86,3.41,42.47,3.58,2
409,410,vwonesbd@cnbc.com,Female,68,2.95,70.23,6.86,76.55,175.21,156.69,0.5,51.79,1
410,411,kguymerbe@paginegialle.it,Male,34,11.31,66.26,32.45,68.79,187.3,205.66,31.98,60.97,1
411,412,hhardinbf@flickr.com,Male,23,12.5,29.13,24.03,55.82,8.78,117.1,41.2,62.67,5
412,413,jodowlingbg@facebook.com,Female,59,24.84,68.74,14.56,42.0,106.31,101.04,17.84,51.26,2
413,414,evinaubh@altervista.org,Female,32,16.86,45.26,35.26,23.92,131.0,145.3,19.49,61.67,1
414,415,jmatthewsbi@storify.com,Male,58,33.5,0.28,12.39,48.98,97.22,107.46,43.91,1.18,2
415,416,vtomneybj@slashdot.org,Female,20,25.05,16.1,30.99,11.88,137.48,93.26,29.71,67.78,2
416,417,sstofferbk@shop-pro.jp,Female,55,49.65,48.49,26.42,41.99,23.21,19.78,33.16,62.78,2
417,418,melgybl@webs.com,Male,41,4.31,46.37,28.34,95.45,46.03,30.07,46.45,57.04,2
418,419,dnestorbm@altervista.org,Male,27,6.92,39.15,17.72,1.31,60.88,84.08,42.51,66.75,2
419,420,klafayebn@biglobe.ne.jp,Female,67,19.89,17.78,36.75,71.99,78.63,29.67,36.18,53.52,2
420,421,hsewallbo@java.com,Male,39,32.04,9.69,7.2,93.85,39.04,105.24,43.13,48.81,5
421,422,maylingbp@omniture.com,Female,56,10.11,27.49,38.32,49.39,121.09,7.53,4.44,73.38,2
422,423,elaurenceaubq@mapquest.com,Male,65,49.66,26.91,17.12,52.08,23.09,162.79,9.05,32.58,5
423,424,nhaskurbr@samsung.com,Male,52,16.38,17.01,48.06,99.83,156.93,201.88,35.75,32.14,1
424,425,bcrawfordbs@tinypic.com,Male,38,0.85,6.35,32.44,96.81,89.96,195.82,13.21,42.88,5
425,426,nmulcahybt@trellian.com,Female,47,2.47,7.5,7.29,8.98,56.42,137.03,25.41,57.03,5
426,427,tpopovbu@shutterfly.com,Male,36,6.34,21.18,12.79,27.2,51.69,172.36,28.59,6.96,5
427,428,pdrinkelbv@mtv.com,Male,30,2.05,53.22,27.99,82.43,126.47,124.57,35.7,23.92,1
428,429,htrentbw@unblog.fr,Male,58,45.16,26.33,44.49,51.76,199.54,170.54,38.21,35.99,1
429,430,schecklinbx@weather.com,Male,29,21.64,8.14,44.17,13.63,81.67,193.83,36.96,32.49,5
430,431,lflahiveby@flickr.com,Male,64,10.74,12.55,28.97,93.96,7.8,65.25,30.92,63.46,2
431,432,dpawlickibz@ebay.com,Female,47,34.77,43.59,17.24,91.01,152.42,212.3,21.18,22.17,1
432,433,iharnerc0@scribd.com,Female,59,10.38,56.34,34.45,16.8,174.02,11.23,25.47,12.45,2
433,434,vwilnec1@artisteer.com,Female,61,4.83,66.94,17.56,68.37,10.34,223.15,46.49,34.4,5
434,435,mpurverc2@dedecms.com,Female,31,27.63,39.17,26.62,60.61,114.29,45.18,9.88,34.71,2
435,436,fkiwitzc3@gnu.org,Male,39,10.74,8.06,20.17,34.82,77.53,13.51,2.08,65.88,2
436,437,chuckabec4@blogs.com,Female,26,16.56,17.79,47.56,97.21,149.18,130.86,4.63,41.64,1
437,438,hroullierc5@icio.us,Male,51,44.93,62.54,12.51,44.6,61.17,239.41,44.24,74.84,5
438,439,ctirrellc6@tmall.com,Female,39,17.4,57.73,0.99,62.62,83.91,50.53,12.88,73.71,2
439,440,mdeetlefsc7@bravesites.com,Female,30,25.59,9.45,1.52,50.2,147.56,92.97,29.75,48.31,2
440,441,dyeowellc8@newsvine.com,Male,52,40.61,42.72,38.73,79.22,120.46,136.72,4.77,34.94,1
441,442,bsiemensc9@usa.gov,Female,21,14.72,2.05,32.24,70.74,15.14,10.19,47.1,27.26,2
442,443,tgilpillanca@seattletimes.com,Female,49,12.53,60.29,35.38,49.54,77.41,214.29,4.81,49.03,5
443,444,dmeritcb@microsoft.com,Female,34,20.28,42.48,2.02,1.0,24.11,174.22,31.15,39.12,5
444,445,tloughancc@nytimes.com,Female,57,31.28,17.75,20.6,27.61,178.02,113.85,10.26,28.35,1
445,446,bsesonscd@weibo.com,Male,25,46.36,69.47,36.33,77.08,20.87,198.21,26.67,0.21,5
446,447,bboylundce@mac.com,Female,57,5.46,65.36,39.06,73.58,161.39,65.23,48.77,39.82,2
447,448,frossocf@boston.com,Female,58,30.45,31.86,12.81,87.11,4.49,71.34,1.05,9.75,2
448,449,bgiovannillicg@vinaora.com,Male,28,9.77,45.91,3.74,53.85,47.0,51.86,14.92,24.62,2
449,450,ghoobanch@github.com,Male,43,42.68,34.01,44.17,82.97,182.33,205.45,6.33,68.87,1
450,451,hmohamedci@wix.com,Male,42,29.91,15.38,21.53,76.85,67.69,41.97,8.11,40.02,2
451,452,bmintercj@tripadvisor.com,Female,32,41.86,15.19,47.13,89.96,196.01,117.87,37.92,64.9,1
452,453,bhallexck@abc.net.au,Male,52,11.94,41.56,32.67,75.44,171.06,160.41,25.44,61.62,1
453,454,pburrascl@qq.com,Female,49,9.14,64.39,40.62,41.34,158.45,142.51,22.55,60.4,1
454,455,aferrigecm@simplemachines.org,Female,29,25.98,11.8,45.36,53.76,168.4,189.21,49.83,57.33,1
455,456,bklehncn@wix.com,Male,47,46.91,28.9,21.2,50.11,196.9,100.9,26.82,38.49,1
456,457,sabramovicico@independent.co.uk,Male,42,23.74,64.32,39.24,41.73,162.76,60.63,2.08,58.88,2
457,458,akrebscp@typepad.com,Female,63,28.88,69.89,23.91,11.84,70.48,37.46,14.62,0.45,2
458,459,cgrannellcq@comcast.net,Male,22,39.58,15.95,35.38,61.65,73.51,50.8,5.8,26.36,2
459,460,alundiecr@toplist.cz,Female,50,19.83,66.35,15.13,91.7,88.29,197.73,38.77,60.28,5
460,461,dfallacs@ameblo.jp,Male,56,37.07,34.73,29.15,80.5,106.55,8.76,24.03,2.08,2
461,462,trudolphct@discovery.com,Male,20,1.89,10.44,42.46,49.82,170.6,232.02,16.26,5.27,1
462,463,jdrewerycu@hatena.ne.jp,Female,51,32.72,27.03,38.26,82.52,25.13,8.69,6.36,37.54,2
463,464,jgeilliercv@squidoo.com,Female,27,11.72,2.88,3.37,99.95,28.0,45.95,36.84,9.45,2
464,465,calburycw@usnews.com,Male,33,0.33,19.63,10.07,10.74,149.14,58.6,28.65,55.7,2
465,466,lquarlesscx@cmu.edu,Male,55,12.0,62.42,28.92,3.67,119.97,146.55,11.51,2.89,1
466,467,rfritzercy@miibeian.gov.cn,Male,39,44.23,16.77,39.15,5.0,151.15,214.76,10.62,30.46,1
467,468,ymcgurkcz@home.pl,Male,28,47.05,25.99,32.89,68.84,99.39,102.86,13.31,42.71,2
468,469,gcorlettd0@fotki.com,Male,27,14.34,60.06,40.08,15.79,151.32,82.74,44.97,22.88,2
469,470,ccobbaldd1@gnu.org,Male,42,20.72,58.05,29.27,90.12,142.89,155.73,8.87,69.8,1
470,471,clabastidad2@adobe.com,Male,39,35.52,50.04,29.52,61.18,22.51,81.12,48.46,30.25,2
471,472,wmacnultyd3@xinhuanet.com,Female,66,30.74,52.27,45.82,22.62,158.59,131.81,18.1,44.44,1
472,473,sdivilld4@posterous.com,Female,35,10.22,47.17,24.23,2.83,149.25,154.54,25.45,22.34,1
473,474,nmattheisd5@ed.gov,Male,32,48.9,35.79,16.08,21.71,133.13,36.35,31.06,57.02,2
474,475,shaffordd6@army.mil,Female,27,14.05,52.78,42.33,47.09,166.0,27.26,35.61,24.64,2
475,476,amarsyd7@oakley.com,Male,44,1.67,13.26,10.78,59.65,166.78,203.22,43.68,16.81,1
476,477,bandrasd8@miibeian.gov.cn,Female,65,49.99,19.52,4.06,14.1,126.53,149.65,29.87,61.02,1
477,478,scurreyd9@de.vu,Male,67,5.25,63.99,3.92,41.57,144.24,199.6,3.76,5.3,1
478,479,amccaneda@devhub.com,Male,31,29.62,10.67,13.7,38.94,161.53,219.07,32.85,44.1,1
479,480,cgribbelldb@ibm.com,Male,31,8.76,72.92,4.9,93.54,193.06,84.85,15.84,22.84,1
480,481,emarikhindc@ebay.co.uk,Male,23,3.52,67.2,19.15,39.85,50.08,224.33,1.99,28.12,5
481,482,cstegerdd@independent.co.uk,Female,60,43.84,71.1,25.04,2.5,112.09,200.3,37.53,65.2,1
482,483,dmainede@qq.com,Male,56,27.83,50.47,5.1,25.62,108.83,129.87,47.5,24.08,1
483,484,kearpdf@typepad.com,Female,53,24.53,9.87,12.81,83.22,133.24,68.1,35.43,37.43,2
484,485,wkettoedg@auda.org.au,Male,60,41.39,28.3,31.1,63.94,182.27,204.25,2.16,56.81,1
485,486,amcmurtydh@delicious.com,Female,40,9.4,2.9,29.33,27.69,125.69,235.13,4.35,72.59,1
486,487,lverrechiadi@github.com,Female,54,8.02,12.24,30.41,94.03,13.58,2.65,45.53,32.6,2
487,488,ispinkdj@globo.com,Male,25,28.19,52.78,22.03,36.42,53.4,17.25,32.95,14.84,2
488,489,cphilipotdk@devhub.com,Female,67,36.54,51.14,46.33,74.63,90.55,22.53,32.16,66.14,2
489,490,csyddalldl@ask.com,Female,68,31.02,29.6,34.46,0.83,114.22,182.2,12.47,14.39,1
490,491,bcoultasdm@sogou.com,Female,26,28.46,29.81,23.64,80.62,4.65,67.74,40.0,29.41,2
491,492,pchelsomdn@constantcontact.com,Female,21,44.62,53.64,7.78,87.34,137.43,142.48,40.51,13.81,1
492,493,ldurranddo@mtv.com,Male,21,30.39,20.29,0.58,99.46,40.57,42.75,4.2,48.14,2
493,494,bcanterdp@topsy.com,Female,45,14.91,54.5,15.04,30.01,157.33,23.41,5.77,29.26,2
494,495,sanderbruggedq@shutterfly.com,Male,55,9.57,62.94,19.73,48.96,106.93,46.94,8.21,12.14,2
495,496,rpeabodydr@is.gd,Female,51,44.97,50.91,30.56,84.59,13.23,183.81,46.44,50.62,5
496,497,pmuslads@wired.com,Female,65,18.02,65.46,12.39,50.51,193.22,12.4,16.01,55.21,2
497,498,abentermandt@princeton.edu,Male,22,14.11,42.4,25.89,12.87,31.16,239.68,3.81,44.28,5
498,499,pkinnerleydu@newyorker.com,Female,40,45.55,22.33,4.57,1.59,58.92,57.93,16.1,57.3,2
499,500,cfranzonettidv@cargocollective.com,Male,58,36.2,35.79,30.37,72.24,1.91,146.74,39.61,37.81,5
500,501,obroaderdw@vk.com,Female,27,47.16,52.73,14.8,79.47,163.6,248.46,33.1,4.03,1
501,502,npratleydx@imageshack.us,Male,24,41.54,38.11,36.36,38.67,87.43,140.24,9.07,74.22,5
502,503,rcyphusdy@uol.com.br,Female,31,17.16,11.3,22.16,38.68,80.81,19.66,26.19,39.98,2
503,504,omarkwickdz@myspace.com,Female,69,26.78,21.23,35.92,22.9,136.85,173.5,34.87,65.99,1
504,505,laishforde0@bigcartel.com,Female,49,38.11,39.61,31.39,58.41,154.97,244.46,20.22,5.06,1
505,506,pwiddisone1@theglobeandmail.com,Female,56,2.78,72.23,38.64,42.84,183.38,128.48,11.16,9.72,1
506,507,etreadgolde2@lycos.com,Male,49,18.57,64.94,39.0,92.69,189.9,12.39,13.58,4.62,2
507,508,emcraee3@weebly.com,Female,27,37.21,9.12,33.22,49.21,143.77,118.47,23.86,38.11,1
508,509,bbellringere4@nydailynews.com,Male,42,36.27,10.14,18.83,95.47,86.24,237.35,39.89,4.28,5
509,510,rloddene5@acquirethisname.com,Female,67,35.12,38.14,15.4,25.68,114.82,15.11,41.13,42.83,2
510,511,blanktreee6@ft.com,Female,44,21.29,68.5,49.15,47.87,5.07,115.01,11.95,30.66,5
511,512,tofielde7@fda.gov,Female,24,25.07,39.92,44.48,1.13,69.05,204.11,10.88,71.77,5
512,513,mdonativoe8@cyberchimps.com,Female,47,43.58,51.83,16.75,71.2,120.23,6.31,32.0,9.08,2
513,514,ftakse9@salon.com,Male,56,13.29,53.06,6.18,29.94,72.33,162.11,40.77,13.11,5
514,515,kdunbobinea@addtoany.com,Female,21,9.48,28.9,23.58,32.5,90.4,127.84,19.78,59.73,5
515,516,mberlingeb@nymag.com,Female,51,9.68,65.25,11.28,20.52,44.65,137.28,48.08,13.25,5
516,517,mbaylieec@icio.us,Female,56,46.22,8.48,42.04,59.02,148.16,40.29,5.17,74.73,2
517,518,atommised@princeton.edu,Male,66,44.65,36.84,30.47,27.16,78.35,136.28,34.08,8.1,5
518,519,lmattamee@admin.ch,Male,58,16.07,56.36,3.79,82.99,103.03,15.52,43.62,26.04,2
519,520,gflahyef@slashdot.org,Male,40,17.51,15.25,0.3,63.12,71.43,120.77,24.13,12.41,5
520,521,gburlandeg@mail.ru,Male,68,35.19,48.2,10.71,72.96,196.34,39.54,29.0,62.77,2
521,522,ashortereh@nps.gov,Female,61,44.33,16.25,13.94,31.28,168.89,71.4,48.33,53.08,2
522,523,lguiuei@instagram.com,Female,70,49.66,8.25,27.16,87.25,19.02,10.26,42.67,10.49,2
523,524,fantalej@accuweather.com,Female,55,4.4,73.91,34.6,4.97,132.4,5.22,23.0,44.49,2
524,525,lloneyek@princeton.edu,Male,68,17.08,22.34,31.95,59.05,196.27,27.12,15.73,61.2,2
525,526,cgrimbaldestonel@jalbum.net,Male,65,20.12,1.61,48.72,99.23,153.67,189.28,7.78,31.01,1
526,527,hplenderleithem@twitpic.com,Female,22,21.75,41.29,9.41,55.43,122.96,170.31,49.5,63.18,1
527,528,avellaen@wufoo.com,Male,23,6.11,66.0,11.27,7.45,177.96,122.37,49.83,18.7,1
528,529,fcheeldeo@miibeian.gov.cn,Female,25,5.34,25.06,37.28,7.55,59.6,144.38,6.5,18.11,5
529,530,hbelsherep@usgs.gov,Female,45,37.3,40.97,13.86,94.3,9.89,25.35,3.33,72.6,2
530,531,eearsmaneq@sbwire.com,Male,22,39.99,64.9,16.72,2.52,8.23,132.03,18.07,17.66,5
531,532,cliffeer@eventbrite.com,Male,55,7.87,3.75,10.43,85.34,11.64,0.44,12.25,25.59,2
532,533,dbwyees@marketwatch.com,Male,46,26.3,12.63,49.52,44.65,13.22,74.47,22.81,3.84,2
533,534,lcapaldoet@cmu.edu,Male,47,14.89,19.89,27.67,32.06,27.51,205.77,47.79,69.07,5
534,535,zcribbotteu@posterous.com,Female,51,29.98,17.21,9.49,78.49,43.79,110.03,15.37,63.38,5
535,536,bhogbourneev@gnu.org,Female,37,34.95,27.16,25.16,64.25,163.46,103.95,47.97,6.85,1
536,537,zmarslandew@alexa.com,Female,68,21.42,59.74,19.77,50.5,145.2,3.46,18.16,26.01,2
537,538,vnewtownex@bloomberg.com,Female,55,25.4,24.11,0.72,40.9,28.43,220.59,16.27,70.19,5
538,539,beyreey@newsvine.com,Male,28,47.39,71.35,31.3,96.26,51.8,219.51,4.7,46.76,5
539,540,ztrematickez@dmoz.org,Male,37,38.67,17.89,22.96,2.73,199.57,109.2,10.23,8.42,1
540,541,gsalvagef0@wordpress.com,Female,38,46.58,55.41,11.69,88.27,56.39,215.33,9.36,5.25,5
541,542,bgravesonf1@hugedomains.com,Female,58,11.69,58.44,40.26,77.55,178.81,142.11,44.43,30.79,1
542,543,rlathyf2@nydailynews.com,Male,50,27.8,64.66,45.57,47.76,168.0,9.22,28.91,50.24,2
543,544,rjakemanf3@netvibes.com,Male,48,16.94,18.03,28.82,49.22,34.87,53.92,46.78,40.39,2
544,545,ggaitskillf4@qq.com,Female,43,21.2,0.47,18.36,40.59,156.3,77.86,18.72,64.5,2
545,546,ncastanhof5@opensource.org,Female,64,41.09,39.61,21.82,59.93,157.07,47.94,35.86,13.05,2
546,547,lloadsf6@blog.com,Female,59,13.13,31.92,42.82,39.7,97.38,223.12,5.27,23.22,5
547,548,aepinoyf7@example.com,Male,29,33.62,0.47,39.57,90.94,142.72,114.62,40.6,73.15,1
548,549,kyudef8@bbb.org,Female,43,45.82,37.12,7.45,61.88,95.74,244.1,11.25,8.44,5
549,550,jzapataf9@blog.com,Male,49,2.4,69.99,7.97,68.04,11.92,111.68,0.72,63.41,5
550,551,cstoakesfa@ehow.com,Female,60,33.21,66.01,35.87,24.63,183.2,114.42,13.54,7.41,1
551,552,kpunshonfb@hhs.gov,Female,62,23.4,56.35,0.62,9.48,130.42,97.78,27.2,32.73,2
552,553,brymourfc@goo.ne.jp,Female,23,20.2,48.11,47.99,44.22,75.96,184.75,7.5,74.43,5
553,554,oziemkefd@pagesperso-orange.fr,Female,67,34.56,9.26,6.32,25.98,115.04,9.67,42.3,74.19,2
554,555,tswansburyfe@xing.com,Male,40,45.18,10.85,21.89,51.16,156.88,172.07,9.77,18.19,1
555,556,srottgersff@sun.com,Female,46,43.41,16.34,21.85,16.98,71.56,188.43,40.38,66.43,5
556,557,ljendasfg@prlog.org,Female,53,40.11,43.6,23.93,16.54,15.25,196.21,41.46,3.9,5
557,558,mjergfh@dell.com,Male,70,29.8,64.95,22.7,4.37,126.54,174.27,22.63,7.1,1
558,559,ematschkefi@unblog.fr,Male,38,16.88,50.67,38.24,15.04,1.46,82.96,7.94,68.2,5
559,560,mlednerfj@symantec.com,Female,64,14.84,61.12,15.57,35.66,131.55,184.24,7.84,4.49,1
560,561,lkleinermanfk@instagram.com,Male,49,31.0,47.2,39.67,49.48,130.27,203.76,18.42,36.89,1
561,562,kmarrisonfl@virginia.edu,Female,68,48.94,73.97,16.59,39.87,149.21,215.43,14.21,41.17,1
562,563,rstockeyfm@gov.uk,Male,67,19.48,60.47,49.9,23.99,145.31,19.92,5.78,62.29,2
563,564,dquarlisfn@usda.gov,Male,41,16.23,65.21,45.46,39.52,138.26,31.73,1.9,28.3,2
564,565,ghazlehurstfo@mayoclinic.com,Female,62,3.82,51.13,12.62,47.04,190.42,193.36,47.73,24.9,1
565,566,craymontfp@mac.com,Male,60,16.75,7.04,14.26,91.71,72.72,93.55,21.79,70.98,2
566,567,aragatfq@hc360.com,Male,62,15.79,27.93,23.29,24.44,62.2,43.54,32.38,44.21,2
567,568,tcopsonfr@cpanel.net,Male,62,21.74,18.96,0.65,36.2,191.61,226.66,2.28,27.71,1
568,569,hcheersfs@answers.com,Male,25,42.44,28.28,31.2,59.82,42.05,204.56,45.21,43.61,5
569,570,gattleft@jalbum.net,Female,66,45.8,32.82,24.09,51.82,14.44,147.87,45.15,22.5,5
570,571,zmacterrellyfu@delicious.com,Male,20,19.29,60.81,10.34,56.62,80.13,11.36,14.33,25.63,2
571,572,ndemaidfv@jimdo.com,Female,48,41.0,66.74,7.13,66.39,143.03,153.4,48.93,42.29,1
572,573,lluckcuckfw@blogspot.com,Male,33,47.84,34.86,21.99,2.54,85.96,61.82,29.67,7.68,2
573,574,mrannerfx@illinois.edu,Female,70,13.48,71.92,35.11,44.73,145.12,156.27,20.46,55.03,1
574,575,mroncellify@photobucket.com,Male,36,17.91,38.08,26.38,29.03,20.79,199.87,20.33,73.3,5
575,576,sspradbrowfz@delicious.com,Male,66,39.05,37.43,22.51,41.15,113.19,12.29,2.66,1.82,2
576,577,cwattamg0@ning.com,Male,65,2.4,68.16,1.93,35.89,188.04,240.35,33.09,34.08,1
577,578,jmillingtong1@reference.com,Female,64,12.66,30.39,15.5,22.2,181.01,74.74,28.21,71.78,2
578,579,scholmondeleyg2@oaic.gov.au,Male,60,6.11,46.08,26.37,91.37,123.04,177.79,27.84,21.97,1
579,580,aclappisong3@meetup.com,Female,58,36.51,55.88,15.4,32.88,111.78,35.37,23.56,64.43,2
580,581,cegellg4@blinklist.com,Male,58,23.07,31.96,44.28,89.85,139.33,221.3,8.79,60.46,1
581,582,pharvattg5@gov.uk,Female,26,38.96,3.6,35.63,26.07,153.1,225.81,48.17,27.76,1
582,583,dbruntjeg6@earthlink.net,Male,43,33.3,31.06,5.27,62.27,133.08,101.32,0.82,71.1,2
583,584,ehenzleyg7@canalblog.com,Male,52,28.16,13.14,3.51,58.01,48.08,132.94,16.24,72.17,5
584,585,brufflesg8@about.com,Male,37,14.21,18.11,48.03,40.67,61.33,76.45,9.7,4.07,2
585,586,rbegentg9@howstuffworks.com,Female,20,4.18,13.76,2.32,43.53,113.68,132.35,29.94,27.56,1
586,587,bbreachega@fema.gov,Male,33,33.12,46.26,20.02,72.86,194.67,228.55,16.16,41.39,1
587,588,qbotfieldgb@webnode.com,Male,56,7.83,42.89,29.09,82.76,60.27,68.68,2.34,33.59,2
588,589,mmanifouldgc@techcrunch.com,Female,41,6.22,65.68,6.63,1.27,22.59,40.02,5.77,24.56,2
589,590,jjanuarygd@xinhuanet.com,Female,49,16.23,30.81,11.94,79.32,137.14,138.15,16.74,74.16,1
590,591,blecointege@friendfeed.com,Male,52,37.37,15.61,15.45,67.51,16.24,116.36,30.46,70.22,5
591,592,cwhittickgf@abc.net.au,Female,35,45.31,69.93,33.52,11.81,19.77,94.64,15.34,51.08,5
592,593,tbaskettgg@cargocollective.com,Male,31,20.73,38.63,36.41,3.66,8.75,186.7,38.77,3.15,5
593,594,qaddygh@php.net,Male,60,19.99,57.41,24.44,19.56,32.09,79.32,14.49,43.11,2
594,595,rgladinggi@census.gov,Female,24,37.51,46.16,2.78,29.44,95.09,162.6,22.85,5.14,5
595,596,aticklegj@wsj.com,Male,61,5.58,60.45,32.71,80.7,85.72,83.67,34.18,20.18,2
596,597,gregnardgk@vistaprint.com,Male,47,1.2,49.15,5.38,13.21,136.41,15.18,0.47,66.4,2
597,598,bkettelgl@utexas.edu,Female,40,42.43,68.59,1.69,45.48,37.64,160.27,31.18,42.28,5
598,599,afiddiangm@nytimes.com,Male,69,23.22,44.29,42.22,92.08,26.03,62.14,17.35,43.0,2
599,600,hgertygn@loc.gov,Female,48,23.87,44.11,22.01,27.95,60.87,95.82,45.12,25.98,2
600,601,jgilsthorpego@cisco.com,Male,43,17.45,19.61,11.49,84.17,135.01,154.29,7.39,32.83,1
601,602,rstrangewaygp@imageshack.us,Female,69,5.57,22.89,39.23,76.33,97.9,91.5,23.57,42.78,2
602,603,krenshawgq@parallels.com,Female,68,17.46,23.2,11.56,28.12,149.06,72.85,20.02,13.11,2
603,604,aspinnacegr@skype.com,Male,39,43.16,49.83,44.3,69.8,178.03,145.18,30.05,26.36,1
604,605,ldimitrievgs@merriam-webster.com,Female,41,12.64,71.71,41.06,94.95,149.56,79.1,48.08,14.5,2
605,606,aoxbiegt@cmu.edu,Female,33,36.11,26.2,17.46,10.56,157.42,114.93,26.77,11.66,1
606,607,kwhymangu@stanford.edu,Female,44,35.77,24.21,49.73,86.23,116.87,171.92,45.67,13.34,1
607,608,vkunklergv@bigcartel.com,Male,48,39.82,37.64,34.52,67.56,162.86,238.39,6.22,25.57,1
608,609,rblacklygw@themeforest.net,Male,40,40.35,43.17,1.49,67.96,98.58,126.48,2.31,9.39,5
609,610,epeachamgx@dagondesign.com,Female,29,16.22,25.84,12.35,87.75,139.1,201.09,11.62,35.58,1
610,611,rdybbegy@technorati.com,Female,30,35.32,17.73,49.96,94.21,136.89,173.96,17.96,69.7,1
611,612,jpurriergz@cdc.gov,Female,35,40.14,45.16,0.77,59.01,74.09,173.54,44.92,7.32,5
612,613,emackeggh0@1688.com,Male,45,7.03,5.64,45.95,31.26,43.87,131.96,40.32,56.15,5
613,614,rfoxonh1@china.com.cn,Male,62,34.76,12.04,3.26,68.85,157.69,246.2,26.16,7.19,1
614,615,aloakesh2@yelp.com,Female,20,9.03,1.25,12.86,96.09,54.74,153.73,48.97,26.71,5
615,616,mdenyaginh3@businessinsider.com,Male,34,10.36,0.68,44.87,26.07,127.42,17.48,5.39,48.09,2
616,617,cdrissellh4@cbc.ca,Female,42,39.75,16.78,38.23,26.01,162.05,8.18,49.79,26.31,2
617,618,thanniganeh5@un.org,Female,70,43.57,22.01,32.33,83.35,90.26,16.76,49.59,3.82,2
618,619,mkarlqvisth6@icq.com,Female,49,7.32,5.67,27.02,59.17,135.45,112.72,49.67,38.2,1
619,620,gkippieh7@skyrock.com,Female,31,26.2,1.36,1.54,79.43,176.2,142.04,41.26,41.07,1
620,621,snixh8@jalbum.net,Female,45,3.77,14.13,16.55,59.39,168.13,208.81,27.79,66.22,1
621,622,vscopesh9@intel.com,Female,27,37.94,14.27,25.6,84.74,117.43,79.3,28.54,57.79,2
622,623,amcilraithha@oaic.gov.au,Male,58,17.19,36.09,9.66,38.73,113.87,243.44,32.06,73.44,1
623,624,ldustinghb@reference.com,Female,70,45.07,43.47,44.55,34.74,90.69,64.7,48.36,62.55,2
624,625,thollylandhc@sciencedirect.com,Female,50,21.28,61.06,31.99,96.42,104.22,168.88,7.75,40.27,5
625,626,dburdehd@abc.net.au,Female,44,47.89,0.33,9.12,47.37,11.92,152.24,32.11,63.75,5
626,627,mwattishamhe@gizmodo.com,Female,52,33.34,27.23,21.35,68.86,100.13,169.01,0.51,64.36,5
627,628,ggergelyhf@ycombinator.com,Male,64,38.78,21.4,24.47,52.41,37.72,55.9,41.76,13.84,2
628,629,fcoleshillhg@noaa.gov,Female,29,49.59,27.98,37.59,95.43,63.91,242.32,19.18,53.67,5
629,630,gboldhh@blogspot.com,Female,47,0.78,6.43,5.11,56.44,77.51,81.55,36.92,22.91,2
630,631,cpeerhi@howstuffworks.com,Male,63,35.79,19.14,8.97,75.38,137.34,89.98,33.32,0.5,2
631,632,asowleyhj@blogger.com,Male,33,47.52,15.88,33.28,32.98,87.06,6.77,4.98,7.52,2
632,633,kmouathk@taobao.com,Female,31,0.09,26.37,37.34,68.09,128.91,155.47,16.61,11.15,1
633,634,jgainsfordhl@mapquest.com,Female,54,12.1,72.17,14.45,71.75,21.55,87.95,31.76,36.88,2
634,635,mseggehm@sourceforge.net,Female,52,28.92,1.7,8.4,11.81,119.68,161.67,42.57,8.77,1
635,636,nklimkiewichhn@cloudflare.com,Male,57,44.53,16.27,40.96,31.14,24.15,71.04,33.18,70.9,2
636,637,zmacshirrieho@naver.com,Female,30,19.44,11.85,39.54,95.7,26.43,123.39,40.47,49.13,5
637,638,hbedingfieldhp@eepurl.com,Female,69,15.84,56.36,42.74,82.65,132.27,97.32,27.8,65.57,2
638,639,bgriffitthq@china.com.cn,Female,26,31.76,45.33,14.42,30.96,71.46,50.73,40.03,4.97,2
639,640,erotchellhr@cnet.com,Female,54,17.63,42.76,49.04,92.89,36.31,142.09,0.42,54.8,5
640,641,rheadshs@ftc.gov,Male,39,45.22,30.85,5.71,31.74,168.96,52.53,30.58,42.47,2
641,642,dfrapeht@wikia.com,Female,25,47.31,21.71,2.04,47.97,83.93,222.8,32.69,21.64,5
642,643,hhariothu@geocities.jp,Male,68,12.29,43.95,42.7,35.71,97.41,214.82,38.06,50.6,5
643,644,gaskewhv@apache.org,Male,61,48.76,71.39,35.72,76.96,102.38,27.31,44.33,48.79,2
644,645,tshopcotthw@blogger.com,Female,62,36.67,19.8,26.61,43.79,16.44,145.01,48.72,28.22,5
645,646,tkynvinhx@mapy.cz,Female,21,41.55,63.63,35.59,63.01,15.57,46.01,7.71,30.79,2
646,647,jallchinhy@xing.com,Female,33,14.66,2.61,14.79,35.34,146.41,68.64,10.88,70.1,2
647,648,dcogdellhz@naver.com,Male,20,42.95,35.97,44.1,42.31,195.8,87.33,44.49,45.42,1
648,649,bferreri0@booking.com,Female,70,0.73,19.46,42.07,86.38,114.91,82.16,11.38,4.47,2
649,650,ktofanellii1@joomla.org,Female,42,0.48,17.81,14.51,47.78,116.87,183.74,39.95,13.43,1
650,651,dchancellori2@amazon.de,Female,61,40.41,30.08,10.7,16.18,190.38,94.78,48.31,50.16,1
651,652,abriati3@studiopress.com,Male,69,43.97,70.64,31.01,85.27,100.14,57.83,2.34,31.47,2
652,653,gdumbrecki4@prnewswire.com,Male,56,42.38,41.12,44.71,12.54,27.76,168.5,41.27,26.37,5
653,654,nledgertoni5@msn.com,Male,66,15.67,21.46,26.11,38.47,83.88,88.01,19.18,17.54,2
654,655,wbrunetoni6@wix.com,Male,37,16.46,10.66,3.84,85.75,63.75,2.49,23.42,59.05,2
655,656,etollmachei7@biblegateway.com,Female,58,31.49,29.14,9.4,12.12,141.22,121.65,2.02,5.97,1
656,657,ljervoisi8@bing.com,Male,30,38.72,62.68,32.28,99.58,104.82,149.49,40.96,17.75,1
657,658,schubbi9@mtv.com,Male,37,49.46,55.55,38.8,73.67,89.88,109.9,20.56,20.98,2
658,659,aroswarneia@earthlink.net,Female,56,14.81,67.34,22.02,69.01,194.74,54.72,11.76,56.06,2
659,660,htowerib@last.fm,Male,50,27.55,24.49,36.28,60.68,196.58,101.71,22.55,73.77,1
660,661,lretallackic@elegantthemes.com,Female,31,17.44,41.93,8.21,98.03,70.7,165.32,31.15,13.42,5
661,662,adeganid@businessinsider.com,Male,56,35.33,3.42,15.78,56.86,176.75,100.0,8.39,49.5,1
662,663,wcowplandie@wufoo.com,Male,21,45.26,8.01,30.22,76.66,89.38,190.98,37.51,8.5,5
663,664,hbruteif@prlog.org,Male,37,8.46,33.21,5.87,57.92,123.15,131.29,45.97,68.8,1
664,665,mgarleeig@ted.com,Male,45,29.6,20.11,24.4,72.71,144.16,140.32,37.24,60.21,1
665,666,iwaddellih@hao123.com,Female,70,16.07,23.26,20.82,80.18,187.26,168.49,17.13,57.96,1
666,667,awisdishii@un.org,Male,36,3.33,61.9,4.26,38.42,177.01,101.82,1.79,66.55,1
667,668,xsangarij@slideshare.net,Female,31,40.47,30.35,6.83,12.42,70.69,230.5,25.67,22.05,5
668,669,kmedcalfik@liveinternet.ru,Female,30,27.37,45.18,49.77,87.97,123.95,101.38,14.77,52.38,2
669,670,lgarawayil@bloomberg.com,Male,46,39.79,37.92,23.15,72.46,192.01,234.68,16.93,27.55,1
670,671,ktrebbleim@creativecommons.org,Male,55,34.51,15.76,23.22,68.96,88.37,201.14,38.16,60.47,5
671,672,dadolfin@sciencedirect.com,Female,49,26.9,51.1,8.77,14.04,127.1,216.39,3.68,69.66,1
672,673,hohernio@issuu.com,Female,66,18.99,19.43,3.61,55.91,36.12,224.31,25.51,73.74,5
673,674,tcheckleyip@live.com,Male,25,29.12,40.74,35.92,36.18,172.33,249.47,43.34,11.5,1
674,675,ddearleiq@discuz.net,Female,30,3.62,9.78,24.31,40.28,52.5,41.46,16.02,25.74,2
675,676,vgodlipir@reverbnation.com,Male,30,11.28,70.16,46.75,36.06,132.85,187.18,47.97,8.1,1
676,677,bloffheadis@ifeng.com,Male,63,20.16,33.5,2.95,43.5,180.49,123.85,28.91,48.9,1
677,678,rlennieit@cpanel.net,Female,70,7.63,38.92,4.08,3.45,157.01,55.64,22.66,2.13,2
678,679,wbrittaniu@google.es,Male,27,34.33,13.84,44.93,10.32,49.41,162.27,44.07,16.35,5
679,680,jpasseyiv@baidu.com,Male,40,15.56,27.23,35.17,8.28,136.43,46.76,1.04,26.14,2
680,681,kmaylottiw@cdbaby.com,Female,33,18.76,63.48,10.99,41.24,48.73,173.86,5.33,42.37,5
681,682,cfernandoix@indiatimes.com,Male,68,34.38,64.8,28.45,52.72,96.39,118.54,10.66,27.0,2
682,683,tsawardiy@storify.com,Female,70,36.78,2.94,25.82,92.39,126.92,103.06,34.67,28.54,2
683,684,hkaysiz@slideshare.net,Male,67,0.08,27.82,40.58,55.75,133.65,214.75,7.69,64.82,1
684,685,vruskinj0@sohu.com,Male,34,43.93,68.04,44.19,35.13,172.11,98.15,16.47,53.3,1
685,686,cdraceyj1@springer.com,Female,60,12.46,32.61,4.22,63.35,196.18,213.66,19.46,35.62,1
686,687,dgiordanoj2@ebay.com,Female,41,41.19,67.94,19.24,55.22,62.95,24.51,20.62,22.36,2
687,688,rrossettij3@4shared.com,Male,28,12.76,40.56,31.39,92.49,64.8,173.06,0.38,39.35,5
688,689,efaustinj4@twitter.com,Male,53,6.69,71.6,20.95,90.97,144.65,89.34,0.54,3.16,2
689,690,kadcocksj5@symantec.com,Female,56,27.82,14.66,30.51,98.52,5.27,212.97,3.28,14.89,5
690,691,dbleythinj6@eepurl.com,Male,70,9.28,39.04,43.81,72.94,156.47,217.81,39.73,44.69,1
691,692,pwalczakj7@storify.com,Female,47,38.31,6.53,10.58,96.32,57.45,114.84,6.64,52.9,5
692,693,viacobassij8@toplist.cz,Female,58,41.98,36.97,27.03,8.38,172.22,13.39,5.96,47.03,2
693,694,sreddelj9@disqus.com,Female,45,42.75,72.3,19.86,95.47,70.42,124.26,33.77,65.1,5
694,695,bkoopmanja@rambler.ru,Male,34,45.8,4.84,12.21,50.4,51.48,110.97,26.61,74.23,5
695,696,npatinkinjb@cbsnews.com,Female,20,19.52,14.4,19.83,38.41,195.27,22.83,34.71,59.38,2
696,697,ndawjc@parallels.com,Male,34,5.22,11.95,32.32,74.84,33.13,247.79,42.8,40.6,5
697,698,kborrottjd@t.co,Male,67,34.42,13.46,16.51,43.12,123.07,13.39,42.69,15.75,2
698,699,aarthursje@army.mil,Female,22,23.91,35.59,15.46,6.75,171.4,13.87,32.73,72.84,2
699,700,zcasadojf@wordpress.org,Male,50,5.07,70.2,18.05,10.48,94.25,241.24,14.72,51.07,5
700,701,bvellacottjg@icq.com,Female,39,34.58,10.68,37.85,52.87,138.14,8.17,14.73,46.1,2
701,702,amacgillaveryjh@dyndns.org,Male,24,32.21,8.85,1.99,25.01,44.88,56.59,47.45,8.54,2
702,703,cridesdaleji@omniture.com,Female,23,30.75,57.37,16.69,87.99,64.42,219.11,1.93,68.93,5
703,704,bthorneloejj@timesonline.co.uk,Male,49,16.26,8.05,48.64,88.86,73.2,57.58,21.55,39.01,2
704,705,rtonksjk@liveinternet.ru,Female,58,8.31,39.23,2.18,99.9,111.09,64.72,18.56,48.27,2
705,706,eondracekjl@nature.com,Female,70,7.06,18.19,29.31,25.96,91.72,179.92,19.24,44.29,5
706,707,gfeeneyjm@oakley.com,Female,30,45.68,44.55,21.65,18.58,35.09,208.24,47.98,34.66,5
707,708,msnarrjn@tiny.cc,Male,23,20.18,31.25,12.77,84.36,45.46,69.68,41.18,43.59,2
708,709,kmarstonjo@foxnews.com,Female,43,6.68,68.58,44.33,97.04,141.95,82.8,14.64,31.18,2
709,710,npietaschjp@e-recht24.de,Male,37,10.09,23.55,46.18,7.86,167.99,182.03,21.69,61.07,1
710,711,cbuskjq@scientificamerican.com,Male,64,37.07,55.99,22.37,32.17,2.53,62.57,47.08,10.97,2
711,712,ocriginjr@prnewswire.com,Male,26,42.89,10.73,0.61,81.59,148.97,70.97,48.2,68.9,2
712,713,abraidmanjs@bbc.co.uk,Male,62,17.72,69.51,4.66,86.26,123.86,71.44,37.4,49.63,2
713,714,dpetricekjt@smugmug.com,Male,34,12.93,67.46,11.13,85.28,160.16,178.03,42.16,55.82,1
714,715,jmclurgju@pbs.org,Male,36,5.43,43.83,24.84,27.54,43.87,240.42,49.81,61.35,5
715,716,rredihoughjv@stumbleupon.com,Male,26,29.49,49.99,21.35,71.95,49.09,228.87,21.93,13.01,5
716,717,kmathanjw@sitemeter.com,Male,54,26.65,54.03,48.39,31.98,121.95,59.63,29.24,46.58,2
717,718,rracciojx@amazon.de,Male,30,43.58,71.87,29.89,48.78,195.58,92.55,21.1,41.1,1
718,719,avardiejy@unesco.org,Male,22,47.13,43.46,35.5,79.01,45.87,117.76,13.91,9.68,5
719,720,mearleyjz@ovh.net,Male,34,37.96,9.72,32.85,0.36,41.0,144.27,13.32,33.64,5
720,721,gspuffardk0@mapy.cz,Male,67,30.54,39.44,47.05,84.6,5.95,54.15,39.37,50.8,2
721,722,mshirtcliffek1@digg.com,Female,60,26.76,11.81,48.42,88.42,186.57,132.08,23.17,7.56,1
722,723,rclemmettk2@a8.net,Female,22,39.0,0.49,19.39,26.03,99.66,130.48,19.79,36.26,5
723,724,khiornk3@hexun.com,Female,61,1.61,15.06,30.34,89.05,70.38,32.69,8.88,52.75,2
724,725,hlilleek4@omniture.com,Male,40,15.02,45.32,26.96,44.88,12.01,76.53,26.31,51.35,2
725,726,spetofik5@bizjournals.com,Male,53,48.0,62.33,39.84,97.77,144.41,221.48,20.0,12.46,1
726,727,mvasilyonokk6@forbes.com,Female,69,3.21,0.9,23.42,19.7,198.03,106.24,34.64,34.16,1
727,728,mguidenk7@answers.com,Female,35,33.06,20.89,34.51,94.31,118.0,11.88,39.75,32.15,2
728,729,bwoofindenk8@google.ru,Female,47,25.35,16.25,49.74,29.63,122.38,27.71,34.49,2.21,2
729,730,kmeadowcroftk9@mediafire.com,Female,60,48.49,48.55,45.15,3.51,8.23,142.8,8.83,3.05,5
730,731,hbanasevichka@arizona.edu,Female,56,21.51,30.94,20.13,40.52,32.48,22.77,26.17,11.86,2
731,732,kfrizellkb@google.com.hk,Female,28,23.97,60.56,48.44,53.31,19.04,30.13,20.23,12.96,2
732,733,bchungkc@barnesandnoble.com,Male,70,49.78,73.3,10.37,11.84,78.7,90.66,8.35,28.12,2
733,734,bdzeniskevichkd@goodreads.com,Female,48,17.68,3.34,29.99,91.26,144.65,179.89,18.29,0.46,1
734,735,cmanonke@flavors.me,Male,66,11.3,45.07,13.4,6.37,65.76,70.38,27.48,59.0,2
735,736,chenlonkf@irs.gov,Female,41,3.58,54.75,46.94,55.6,22.19,42.43,38.36,8.58,2
736,737,dbenesevichkg@soup.io,Female,67,15.06,6.88,18.15,36.12,19.2,217.16,33.16,33.56,5
737,738,esneadkh@foxnews.com,Male,51,29.01,29.66,46.24,22.31,68.62,228.47,21.18,41.57,5
738,739,wgilliki@loc.gov,Male,21,21.77,43.71,43.2,26.91,38.99,202.11,48.43,62.24,5
739,740,kdobbiekj@4shared.com,Male,63,1.57,46.45,27.39,20.92,178.9,13.05,7.86,51.26,2
740,741,tdumberrillkk@homestead.com,Female,46,15.71,26.13,47.25,80.24,48.88,197.35,32.48,18.72,5
741,742,lwoottonkl@flavors.me,Male,57,48.59,39.44,33.56,98.47,170.82,181.29,34.25,37.95,1
742,743,gethridgekm@geocities.jp,Male,51,37.72,2.97,44.15,88.23,25.18,194.42,49.79,49.61,5
743,744,lmcclellandkn@smugmug.com,Male,58,17.47,51.32,42.82,61.36,166.52,245.63,22.24,73.35,1
744,745,mklosterko@free.fr,Male,21,5.87,20.55,38.48,43.05,64.17,169.3,36.85,20.06,5
745,746,cjirousekkp@cnn.com,Female,35,34.96,48.36,2.5,92.09,199.94,76.84,31.84,45.42,2
746,747,rtycekq@liveinternet.ru,Female,41,14.48,39.35,13.12,60.29,162.43,8.35,48.92,7.24,2
747,748,ikenninghamkr@wired.com,Male,30,25.45,52.64,3.68,3.55,88.6,164.64,2.73,39.7,5
748,749,atreweelaks@jalbum.net,Male,41,11.33,25.19,32.43,49.57,164.66,76.12,16.69,15.85,2
749,750,aseadonkt@vinaora.com,Female,36,7.99,50.72,45.48,13.77,169.32,148.48,15.29,18.45,1
750,751,rantoinetku@feedburner.com,Male,58,13.59,53.53,18.92,85.04,43.74,232.84,26.78,33.82,5
751,752,sknevetkv@unc.edu,Female,42,43.08,8.36,7.08,50.76,120.43,202.13,12.38,65.04,1
752,753,pskillanderskw@usnews.com,Female,52,19.6,15.31,32.97,78.95,153.71,160.09,39.48,17.34,1
753,754,gtoomerkx@themeforest.net,Female,49,25.02,10.74,27.58,72.7,167.55,14.39,47.23,21.36,2
754,755,agowansonky@example.com,Male,32,25.49,3.21,45.72,63.19,12.97,131.8,8.37,58.02,5
755,756,salldaykz@liveinternet.ru,Female,22,22.47,19.36,45.76,43.63,28.65,0.72,28.9,18.98,2
756,757,atomaszewiczl0@about.me,Female,69,19.17,59.93,39.64,47.24,120.37,229.79,17.22,52.13,1
757,758,jtighel1@mit.edu,Male,40,24.68,5.6,7.49,21.5,138.16,113.6,23.42,46.62,1
758,759,mlambrichtl2@123-reg.co.uk,Male,60,50.0,61.73,8.54,96.77,144.63,44.51,6.24,53.06,2
759,760,adjokovicl3@photobucket.com,Male,29,24.65,24.42,5.86,6.02,190.3,83.11,7.3,69.88,1
760,761,gyedyl4@technorati.com,Male,29,15.97,24.35,37.4,84.2,45.4,137.0,2.0,69.78,5
761,762,jitscowicsl5@sakura.ne.jp,Male,57,29.21,36.41,12.07,37.72,8.08,205.05,3.63,40.85,5
762,763,elallyl6@webmd.com,Male,52,8.74,31.94,17.15,77.17,23.24,103.15,32.91,47.48,5
763,764,akrystofl7@forbes.com,Male,65,5.87,4.74,39.69,9.69,134.57,165.5,46.31,39.32,1
764,765,bcearleyl8@bloglines.com,Female,57,3.32,14.78,3.44,80.96,75.88,164.41,5.82,53.16,5
765,766,hstannisl9@technorati.com,Female,70,2.82,16.34,18.93,4.8,85.3,204.12,24.45,36.76,5
766,767,cdonsonla@wikipedia.org,Female,37,19.24,31.14,17.98,58.9,96.11,122.96,47.98,42.64,5
767,768,lstapyltonlb@so-net.ne.jp,Female,31,31.86,24.19,0.17,57.58,155.46,174.79,41.4,25.47,1
768,769,akinnylc@wufoo.com,Female,40,16.44,35.64,25.13,11.44,106.01,214.87,30.5,41.25,1
769,770,rkordtld@youtu.be,Male,38,37.25,35.54,4.34,24.7,59.16,236.86,49.35,12.67,5
770,771,lespositale@newsvine.com,Female,37,36.02,17.18,38.49,35.24,87.63,185.33,44.88,70.47,5
771,772,gmortonlf@cnbc.com,Female,28,22.84,72.54,48.11,96.05,33.02,113.83,13.38,45.5,5
772,773,mblondellg@china.com.cn,Female,52,38.61,68.31,24.15,59.75,136.56,206.74,38.31,33.51,1
773,774,lhaddowlh@github.io,Female,55,22.46,41.93,30.02,53.96,89.57,37.47,6.26,35.13,2
774,775,rpettipherli@bloglines.com,Male,46,29.76,6.59,9.68,8.96,178.04,108.41,34.33,56.85,1
775,776,lkubachlj@nps.gov,Male,58,0.83,0.8,23.76,37.36,192.31,69.12,23.31,34.69,2
776,777,asparwelllk@businessinsider.com,Female,31,23.5,61.12,41.26,69.71,50.92,47.47,17.42,61.11,2
777,778,dminerll@spotify.com,Male,56,32.93,60.92,5.15,61.03,160.83,2.2,0.58,11.53,2
778,779,hwanelllm@rediff.com,Male,60,36.03,45.46,21.82,48.31,67.98,145.73,38.03,56.89,5
779,780,rdemerln@homestead.com,Female,32,10.94,69.6,25.96,23.88,69.97,95.39,34.78,31.91,2
780,781,jcaldicotlo@ucsd.edu,Female,31,1.2,0.52,21.24,3.89,47.41,36.04,21.32,11.83,2
781,782,ecavendishlp@nydailynews.com,Male,56,42.92,20.11,25.47,43.52,145.46,222.54,22.35,67.82,1
782,783,gadacotlq@amazon.co.uk,Male,52,23.55,31.26,42.29,13.91,85.31,106.07,21.18,60.72,2
783,784,cilyinlr@posterous.com,Female,60,27.18,16.39,11.42,76.69,74.24,21.31,28.99,9.65,2
784,785,rtraicels@yale.edu,Male,59,37.79,50.14,19.99,73.94,18.9,163.73,15.56,32.35,5
785,786,wbowringlt@va.gov,Male,56,29.07,13.04,32.52,81.03,111.12,249.5,23.36,22.67,1
786,787,kmathiasenlu@unc.edu,Female,32,17.33,59.58,43.03,90.97,29.47,49.71,31.15,71.99,2
787,788,hfantonlv@studiopress.com,Male,20,21.76,0.34,3.52,56.62,187.48,13.17,23.5,25.02,2
788,789,ueallislw@cloudflare.com,Female,31,40.68,67.01,4.56,1.65,186.2,204.44,24.28,58.32,1
789,790,ccoreylx@msn.com,Female,54,5.94,9.62,42.12,88.01,144.52,73.87,12.22,58.34,2
790,791,bmenaully@loc.gov,Male,35,7.08,44.57,12.14,90.47,92.12,209.88,21.69,45.75,5
791,792,ctrumanlz@fema.gov,Male,36,26.33,15.45,24.29,46.85,88.33,82.08,46.6,34.99,2
792,793,tjobernem0@ow.ly,Male,57,36.55,21.44,8.95,99.87,44.54,92.9,17.67,58.98,2
793,794,spostinsm1@mozilla.com,Male,59,10.38,63.07,35.96,93.66,78.99,164.39,35.66,71.37,5
794,795,kbalkm2@umn.edu,Male,21,11.85,46.43,36.93,37.18,60.71,0.2,33.11,63.84,2
795,796,gdunckleym3@cisco.com,Male,21,31.01,22.79,5.86,47.59,31.65,84.19,6.41,70.24,2
796,797,aflamankm4@aboutads.info,Male,48,28.18,8.38,30.4,8.46,146.24,141.22,22.43,17.31,1
797,798,alamontm5@senate.gov,Male,33,16.18,5.94,25.96,30.8,107.71,106.66,28.77,10.14,2
798,799,fchildsm6@oaic.gov.au,Female,67,7.69,73.09,36.93,47.23,132.75,104.84,31.05,1.34,2
799,800,bdepaolim7@guardian.co.uk,Male,68,10.03,49.52,14.95,76.52,105.39,203.16,7.2,31.81,1
800,801,pmitrovicm8@google.co.uk,Male,58,37.18,43.58,27.78,23.63,64.72,172.59,15.11,18.0,5
801,802,cvanyukhinm9@over-blog.com,Female,45,42.24,71.17,44.28,76.42,132.54,239.92,13.89,1.07,1
802,803,jorredma@bloglines.com,Female,44,27.44,21.16,14.67,14.9,15.72,87.82,30.42,40.74,2
803,804,rduthymb@tripadvisor.com,Female,63,17.65,62.66,7.03,47.35,16.72,32.22,47.34,49.75,2
804,805,yshaklemc@amazon.co.jp,Female,62,46.75,13.3,13.81,38.8,120.47,85.17,25.35,70.43,2
805,806,bbartomeumd@vkontakte.ru,Male,67,30.55,55.69,20.28,49.17,140.78,210.24,33.74,73.41,1
806,807,jkeebleme@shinystat.com,Female,21,18.17,13.14,13.45,2.81,80.09,136.55,2.98,61.8,5
807,808,bziehmsmf@apache.org,Female,28,41.27,38.87,23.69,78.76,149.43,12.59,17.24,73.75,2
808,809,zkellawaymg@unblog.fr,Female,70,10.78,42.05,38.78,67.37,42.13,149.83,3.59,45.63,5
809,810,nfeyemh@dailymotion.com,Female,49,31.12,63.99,19.97,95.36,135.77,192.39,23.58,3.62,1
810,811,cmurrthummi@is.gd,Male,27,13.53,12.48,34.41,23.1,174.2,99.98,44.53,4.49,1
811,812,sraemj@tinyurl.com,Female,55,21.41,10.16,30.07,77.12,108.83,105.33,22.04,49.98,2
812,813,bolivellomk@dropbox.com,Male,22,13.03,66.62,34.9,44.95,177.04,84.07,30.48,18.38,2
813,814,mcleverleyml@com.com,Male,44,31.33,60.75,28.39,78.3,179.15,63.19,22.92,28.56,2
814,815,gbruckentalmm@wix.com,Female,56,7.49,61.07,8.97,15.64,109.81,39.68,25.91,41.7,2
815,816,wdoranmn@ycombinator.com,Female,59,49.59,5.84,25.4,84.73,118.41,188.8,25.61,37.15,1
816,817,tbensenmo@baidu.com,Female,66,28.97,1.16,33.98,60.46,56.82,222.71,11.51,73.69,5
817,818,mredfordmp@europa.eu,Male,34,31.09,56.28,13.58,32.61,82.62,79.27,10.59,67.03,2
818,819,bgotchermq@elegantthemes.com,Male,40,6.23,19.75,18.93,33.01,79.7,45.98,10.66,67.6,2
819,820,plillicomr@feedburner.com,Female,39,26.31,48.03,49.78,29.29,86.9,235.81,14.54,57.04,5
820,821,vbachurams@alibaba.com,Male,35,21.42,29.69,3.93,84.27,9.93,61.87,21.65,70.78,2
821,822,fmayhomt@slate.com,Female,37,4.73,10.9,33.9,95.35,136.77,22.58,44.57,17.39,2
822,823,aspottswoodmu@arstechnica.com,Male,64,3.86,60.11,32.76,25.28,69.28,177.53,12.78,74.83,5
823,824,amustardemv@sciencedirect.com,Female,63,3.92,18.09,49.35,54.4,196.55,237.17,19.34,70.46,1
824,825,lstorymw@cocolog-nifty.com,Female,46,24.74,24.8,8.98,52.86,187.69,11.46,43.64,52.83,2
825,826,aconstantinemx@sbwire.com,Male,29,33.48,71.75,46.17,94.05,6.78,64.65,39.86,32.66,2
826,827,bcellemy@a8.net,Male,23,46.48,74.67,24.68,40.37,65.07,0.35,24.15,44.35,2
827,828,rsteadmanmz@ehow.com,Male,31,0.17,11.25,26.58,76.86,157.72,208.59,37.2,66.23,1
828,829,tdenyn0@i2i.jp,Female,57,36.26,71.56,10.29,38.53,67.02,244.56,5.62,41.07,5
829,830,kwikeyn1@storify.com,Female,27,48.09,21.76,28.85,83.05,89.16,132.2,42.03,42.8,5
830,831,adillimoren2@dailymail.co.uk,Female,26,45.38,18.66,16.29,29.48,69.97,30.95,1.81,73.44,2
831,832,vprintn3@reference.com,Female,35,14.75,9.7,5.65,92.68,97.09,19.68,27.35,22.57,2
832,833,dokynsillaghen4@skyrock.com,Male,30,39.17,51.62,13.72,57.38,153.89,133.0,12.95,11.95,1
833,834,bfontellesn5@sitemeter.com,Female,39,21.7,6.34,25.99,0.67,67.63,232.22,26.6,63.49,5
834,835,sbristoen6@yahoo.co.jp,Male,37,12.87,62.67,12.58,6.21,16.1,6.82,5.29,4.54,2
835,836,hgeekinn7@intel.com,Female,28,6.38,70.75,20.54,32.1,92.29,220.04,17.49,41.77,5
836,837,mduigedn8@domainmarket.com,Female,22,15.91,61.24,10.39,1.78,82.31,108.92,8.89,38.33,2
837,838,rsollittn9@newsvine.com,Female,51,22.69,30.02,17.75,65.14,61.14,38.27,24.06,66.89,2
838,839,gsurteesna@house.gov,Female,45,29.78,6.01,24.76,45.03,137.29,15.73,10.11,74.63,2
839,840,adabernottnb@google.co.jp,Male,25,34.99,8.41,36.16,40.92,85.98,182.52,19.21,59.63,5
840,841,btorregianinc@sakura.ne.jp,Male,66,48.23,49.11,38.98,4.8,44.2,185.55,45.64,21.99,5
841,842,emacfadzannd@bbc.co.uk,Female,28,19.61,26.27,30.9,39.1,103.5,93.11,8.98,23.55,2
842,843,mgurgne@angelfire.com,Female,60,14.98,18.05,48.67,0.99,22.27,236.08,11.4,35.63,5
843,844,ahyldennf@privacy.gov.au,Female,25,22.73,37.22,26.55,24.15,174.32,43.81,33.74,71.73,2
844,845,alakinng@washington.edu,Female,70,16.53,63.04,37.31,85.72,37.7,219.11,21.37,30.98,5
845,846,gglandersnh@instagram.com,Male,47,1.56,71.94,46.27,77.64,149.65,192.87,11.38,27.35,1
846,847,ptapendenni@yandex.ru,Female,45,28.1,67.14,44.56,47.84,197.46,14.09,38.92,12.36,2
847,848,jvurleynj@archive.org,Female,54,38.94,50.71,24.65,15.22,125.55,183.24,44.72,52.78,1
848,849,abunchernk@wp.com,Male,33,45.21,5.61,8.3,37.73,129.87,85.84,6.15,37.87,2
849,850,pguerrierinl@cornell.edu,Female,58,31.76,68.62,23.27,26.56,82.62,203.88,10.59,12.76,5
850,851,ptwallinnm@google.nl,Male,47,41.89,73.18,30.49,51.0,135.53,134.13,10.05,31.95,1
851,852,ndittynn@aol.com,Female,53,16.86,24.65,22.36,48.2,171.85,216.79,21.33,10.97,1
852,853,nhellwigno@php.net,Female,20,21.01,61.74,20.91,48.43,93.86,111.35,0.27,68.27,2
853,854,mbreslanenp@un.org,Female,37,13.16,57.5,48.46,40.87,123.33,70.72,12.65,23.25,2
854,855,cwillardnq@unc.edu,Male,21,30.15,19.96,3.36,50.07,4.85,226.57,4.45,67.34,5
855,856,erundlenr@seesaa.net,Female,64,42.78,47.47,8.37,73.04,128.69,98.02,48.16,26.49,2
856,857,wsouthns@google.es,Male,30,30.98,72.59,46.38,76.06,166.31,138.04,38.96,36.73,1
857,858,mkinnochnt@deliciousdays.com,Male,49,21.64,54.26,31.7,54.86,42.11,191.53,16.93,63.26,5
858,859,nloudonnu@mapy.cz,Male,26,2.78,32.08,25.7,74.18,33.95,203.06,46.4,33.29,5
859,860,avincentnv@scientificamerican.com,Male,46,44.57,37.8,41.01,30.87,22.17,132.42,29.97,25.01,5
860,861,nworralnw@twitter.com,Female,38,39.75,73.03,48.01,58.32,0.24,35.85,16.45,31.92,2
861,862,mbrakespearnx@wordpress.org,Female,61,11.0,10.39,25.94,31.89,86.77,64.84,43.73,55.55,2
862,863,sbaitsonny@example.com,Female,30,3.82,6.45,3.13,82.29,48.28,197.28,24.62,1.6,5
863,864,wmcraveynz@blogger.com,Female,57,43.57,20.22,8.71,15.54,45.0,206.89,22.15,48.37,5
864,865,ksemaineo0@google.es,Male,32,19.93,32.87,8.81,92.29,19.23,229.8,21.88,73.44,5
865,866,lstruano1@plala.or.jp,Female,37,20.61,60.03,15.92,67.83,118.66,83.25,17.4,13.79,2
866,867,bgurryo2@toplist.cz,Female,23,34.01,70.4,35.09,29.57,152.99,233.05,18.24,70.44,1
867,868,jcollyero3@dion.ne.jp,Female,36,41.88,62.76,17.34,19.12,0.59,247.26,0.64,24.77,5
868,869,awingroveo4@exblog.jp,Female,25,49.74,48.57,3.72,92.68,48.99,135.68,34.28,46.46,5
869,870,rrulteno5@qq.com,Male,44,20.01,4.38,22.03,19.09,145.65,62.66,6.17,74.36,2
870,871,mborelo6@nsw.gov.au,Male,23,13.32,1.91,3.25,94.08,100.49,136.03,32.13,36.88,5
871,872,begdaleo7@wsj.com,Male,65,6.15,33.64,2.59,65.59,177.47,34.72,4.42,8.52,2
872,873,rnewardo8@ifeng.com,Female,32,11.83,54.74,36.91,2.93,166.6,161.75,45.43,64.7,1
873,874,fugolinio9@smh.com.au,Male,38,7.83,16.77,39.13,54.92,28.0,112.7,40.91,23.5,5
874,875,nnurcombeoa@youtu.be,Male,54,27.1,67.93,10.62,22.87,80.3,165.31,4.32,29.61,5
875,876,evellenderob@berkeley.edu,Female,58,16.35,50.6,21.35,79.4,134.32,193.64,17.2,52.87,1
876,877,sverneroc@vistaprint.com,Male,58,6.83,41.73,27.82,34.61,126.68,137.75,37.81,57.52,1
877,878,swarlawod@ustream.tv,Female,57,9.73,60.75,3.24,95.15,139.23,215.23,40.22,37.86,1
878,879,wcoeyoe@wikispaces.com,Male,60,17.27,54.43,26.14,35.58,155.17,182.38,15.97,35.13,1
879,880,bgillioof@foxnews.com,Male,23,38.77,73.6,49.3,57.82,101.57,156.64,32.12,9.98,5
880,881,alamingog@tinyurl.com,Female,24,36.08,69.45,45.34,91.25,66.27,59.72,31.28,5.52,2
881,882,hdelacourtoh@mit.edu,Male,66,42.05,16.31,23.23,12.33,30.39,7.16,21.46,52.72,2
882,883,bclaremontoi@g.co,Male,46,23.68,50.48,45.88,56.21,199.84,245.92,33.84,26.62,1
883,884,amerchantoj@hibu.com,Male,56,48.91,5.67,47.78,71.31,28.43,64.62,40.52,59.85,2
884,885,ejosefsenok@discovery.com,Female,46,19.46,42.57,2.45,11.64,173.24,48.49,8.47,23.82,2
885,886,zbranchol@google.com.br,Male,50,30.48,28.55,6.68,63.25,158.03,42.69,42.34,1.95,2
886,887,lcobbinom@webeden.co.uk,Male,49,26.95,49.77,46.99,27.32,176.25,143.71,15.91,16.82,1
887,888,dpohlingon@trellian.com,Female,66,8.77,3.26,21.01,68.04,37.78,225.29,9.4,62.7,5
888,889,bchownoo@about.com,Male,70,5.35,71.25,45.89,36.57,190.29,184.49,2.48,61.28,1
889,890,marltop@answers.com,Female,51,11.61,45.93,19.2,3.83,146.96,170.88,25.17,57.26,1
890,891,rattestoneoq@nps.gov,Female,45,28.11,13.72,33.79,51.04,38.84,157.18,36.03,34.26,5
891,892,aslessoror@tmall.com,Female,50,45.48,36.67,5.55,76.84,53.63,228.8,30.43,12.98,5
892,893,kelleringtonos@icq.com,Male,54,33.37,40.53,35.77,97.07,18.37,51.52,43.45,18.16,2
893,894,kgindghillot@intel.com,Male,49,47.76,67.28,47.2,37.36,8.84,168.5,5.72,37.35,5
894,895,tbackwellou@ucoz.com,Male,59,3.9,38.9,33.22,16.1,192.93,214.75,21.22,56.87,1
895,896,ascarreov@google.ru,Female,35,31.67,9.95,27.66,74.12,45.01,34.81,10.66,48.01,2
896,897,amonshallow@illinois.edu,Female,21,14.39,62.04,34.42,55.42,50.89,84.85,1.66,33.18,2
897,898,dgrzesiewiczox@aol.com,Female,61,9.19,71.05,27.16,45.45,27.91,202.7,28.49,43.02,5
898,899,rlemingoy@businesswire.com,Male,40,7.52,6.0,38.05,70.63,27.9,221.96,19.33,39.48,5
899,900,berrichiellooz@ucsd.edu,Female,48,41.48,11.11,41.11,51.55,114.34,72.51,40.2,54.04,2
900,901,rpaladinop0@cyberchimps.com,Female,43,17.88,46.59,1.34,29.94,178.95,138.33,33.79,20.46,1
901,902,akemmisp1@altervista.org,Female,58,4.59,21.14,18.51,29.03,13.1,63.17,30.6,62.93,2
902,903,fcarlesp2@nyu.edu,Male,67,10.86,68.54,13.38,38.19,35.22,7.99,23.11,42.93,2
903,904,sisenorp3@soup.io,Female,41,27.91,25.32,42.83,2.28,155.32,125.44,24.23,44.85,1
904,905,mmacmickanp4@plala.or.jp,Female,34,32.39,7.11,2.31,17.62,46.91,156.92,6.78,41.98,5
905,906,kcejkap5@jugem.jp,Male,42,5.3,5.08,36.94,91.66,194.22,134.8,10.23,35.1,1
906,907,oengelmannp6@sogou.com,Female,66,39.99,53.06,5.97,81.65,127.62,106.15,43.19,7.76,2
907,908,hhousdenp7@ibm.com,Male,63,24.28,41.44,49.0,60.75,134.0,171.34,24.4,3.07,1
908,909,jtrailp8@google.com,Female,24,28.71,20.72,3.19,2.06,6.73,129.4,30.77,11.72,5
909,910,aainscoughp9@jugem.jp,Male,33,7.52,10.08,47.31,7.71,144.37,126.85,6.14,23.8,1
910,911,aklugpa@squarespace.com,Male,22,34.84,54.43,49.3,28.67,33.65,169.82,1.42,5.91,5
911,912,cmorsompb@istockphoto.com,Male,70,18.5,33.62,12.1,58.49,3.0,122.18,26.03,31.65,5
912,913,askipseypc@utexas.edu,Female,64,36.79,30.17,21.72,91.37,41.35,208.88,11.28,3.12,5
913,914,gmccorypd@cnbc.com,Male,59,10.75,15.97,14.58,22.73,46.94,4.67,21.5,20.96,2
914,915,ctimsonpe@mapquest.com,Male,58,12.97,72.01,24.3,29.58,150.44,168.74,42.44,66.11,1
915,916,amerrienpf@accuweather.com,Female,53,38.56,62.6,31.82,60.11,133.03,28.34,14.93,16.65,2
916,917,hfewlesspg@marketwatch.com,Male,33,43.55,23.74,36.79,82.8,162.12,192.79,8.66,52.2,1
917,918,bphillipph@netvibes.com,Male,27,48.12,19.01,2.82,20.23,85.59,228.13,27.25,63.63,5
918,919,vmarconepi@usda.gov,Female,70,44.56,71.17,1.78,74.37,27.93,26.87,26.36,21.2,2
919,920,cjenikpj@reuters.com,Female,39,5.47,37.96,11.44,54.25,170.26,13.58,39.01,41.83,2
920,921,kglasbeypk@google.com.br,Male,53,36.81,71.96,26.76,2.83,6.68,43.76,44.26,14.03,2
921,922,jadamiecpl@home.pl,Female,41,15.96,2.16,11.22,93.81,26.56,175.24,45.26,12.15,5
922,923,kfarnhampm@opera.com,Female,30,31.26,43.83,37.43,60.95,27.73,90.83,23.33,43.19,2
923,924,nbravepn@omniture.com,Female,22,12.37,69.43,37.27,73.58,15.84,208.01,29.59,40.42,5
924,925,lliklypo@last.fm,Male,20,25.5,34.63,35.41,78.81,72.48,118.33,10.6,26.87,5
925,926,fcrossepp@redcross.org,Female,49,49.75,65.21,13.3,53.34,186.76,42.45,3.92,45.6,2
926,927,cshapirapq@newsvine.com,Male,47,38.44,32.04,12.48,7.87,59.77,16.62,28.03,58.44,2
927,928,cstribblingpr@prlog.org,Male,51,31.31,39.02,6.95,13.61,34.3,180.96,38.64,27.02,5
928,929,sleanps@hp.com,Female,58,40.37,26.33,19.59,24.29,12.02,36.74,34.42,36.26,2
929,930,wbaxillpt@china.com.cn,Male,26,22.36,70.92,49.0,12.03,128.44,212.84,21.28,27.88,1
930,931,jgrasspu@noaa.gov,Female,24,44.99,66.74,25.39,86.52,69.8,218.73,3.23,46.83,5
931,932,lcorthespv@ycombinator.com,Male,64,47.2,21.76,41.89,35.99,105.65,178.91,0.61,61.84,1
932,933,bmatussowpw@newyorker.com,Male,33,4.79,14.52,37.94,93.51,110.72,50.91,8.2,7.43,2
933,934,omatzelpx@blogspot.com,Male,49,26.16,8.78,40.72,68.39,107.85,96.7,10.75,42.52,2
934,935,dgooldingpy@histats.com,Male,70,37.54,14.63,2.66,96.3,129.88,166.7,34.44,19.72,1
935,936,tbashampz@nymag.com,Male,23,31.84,37.73,47.24,27.44,102.75,201.41,7.62,47.91,5
936,937,kvonderemptenq0@prweb.com,Male,46,31.28,48.34,7.59,58.49,103.49,152.43,45.38,56.94,1
937,938,scraykq1@alexa.com,Female,47,28.09,32.84,37.16,90.41,149.84,61.15,22.05,48.26,2
938,939,abollardq2@disqus.com,Female,31,8.82,29.7,3.83,3.63,50.69,58.18,19.66,14.15,2
939,940,wbuttnerq3@last.fm,Male,49,35.84,46.65,3.18,71.81,71.05,184.9,2.12,5.55,5
940,941,jovillq4@vkontakte.ru,Male,34,31.66,25.81,13.99,23.42,30.5,139.12,35.83,61.75,5
941,942,jdoltonq5@spiegel.de,Male,52,25.83,53.25,1.96,26.69,153.53,145.77,37.31,47.66,1
942,943,tbathoeq6@blog.com,Female,41,16.69,45.99,39.24,58.95,98.62,75.12,40.46,69.02,2
943,944,mcutajarq7@home.pl,Female,52,34.04,16.25,29.85,26.82,166.78,2.0,30.87,26.15,2
944,945,gparksq8@skype.com,Male,65,29.87,6.42,26.46,13.7,109.7,45.69,41.21,72.73,2
945,946,acotesq9@dropbox.com,Female,42,26.14,40.66,3.5,46.91,108.54,96.62,7.38,62.66,2
946,947,dvinsenqa@sitemeter.com,Male,24,42.85,26.5,33.4,22.57,103.77,168.49,48.46,8.45,1
947,948,pdeavilleqb@skyrock.com,Female,36,2.59,49.49,32.66,31.63,34.74,13.13,27.86,52.34,2
948,949,ipaschkeqc@scientificamerican.com,Female,38,40.06,61.53,4.13,10.54,181.58,249.62,46.99,58.61,1
949,950,byantsevqd@blogs.com,Female,59,4.09,16.11,44.2,63.9,0.01,113.1,8.86,53.94,5
950,951,tholdallqe@ucla.edu,Female,39,19.87,57.72,39.49,44.43,74.25,184.07,29.61,47.65,5
951,952,hsussamsqf@tmall.com,Male,36,10.32,3.11,9.83,77.19,3.36,243.63,11.68,16.76,5
952,953,fcharlickqg@goo.ne.jp,Male,70,7.88,62.9,29.63,0.45,54.56,96.02,32.12,24.18,2
953,954,vsadgroveqh@w3.org,Male,66,24.17,65.71,26.09,41.46,53.09,34.22,14.77,70.74,2
954,955,thebnerqi@columbia.edu,Female,54,10.15,34.99,5.11,42.6,77.76,57.26,31.19,23.94,2
955,956,sbrunickeqj@360.cn,Female,30,30.89,2.27,33.91,29.39,46.06,117.26,1.6,41.32,5
956,957,eburdeqk@networkadvertising.org,Male,43,16.87,28.52,42.8,91.71,190.79,67.49,1.77,2.3,2
957,958,rsussemsql@yahoo.co.jp,Male,39,0.57,2.71,16.26,95.9,40.43,20.65,6.5,73.37,2
958,959,fbentzqm@php.net,Female,34,21.73,8.25,33.95,7.42,74.11,179.41,42.26,64.98,5
959,960,eperriqn@odnoklassniki.ru,Male,31,15.27,59.52,24.87,12.01,98.52,42.59,10.85,35.19,2
960,961,wstoeckqo@cornell.edu,Male,22,17.79,41.35,2.36,69.17,194.7,169.81,30.34,63.39,1
961,962,tetchellqp@wordpress.org,Female,62,41.89,35.83,5.26,55.41,189.88,134.97,31.75,34.65,1
962,963,mdownseqq@amazon.co.uk,Female,44,14.43,74.69,33.78,99.36,96.41,228.69,4.99,55.79,5
963,964,wdenziloeqr@walmart.com,Female,26,23.45,65.86,17.87,79.12,56.11,22.6,40.71,31.73,2
964,965,igianniqs@irs.gov,Male,26,17.16,17.87,6.56,75.11,131.97,115.46,41.25,9.84,1
965,966,tfleetqt@google.com,Male,39,38.25,23.84,15.96,66.69,35.92,247.41,8.49,49.84,5
966,967,fwhardleyqu@bizjournals.com,Female,28,28.51,1.73,41.1,10.63,15.83,21.92,12.26,30.73,2
967,968,ydugglebyqv@twitpic.com,Male,37,44.61,25.54,8.79,83.59,4.61,187.48,34.77,69.96,5
968,969,dquanqw@yandex.ru,Female,51,12.32,50.21,38.98,83.97,105.11,58.42,38.06,21.83,2
969,970,cscoatesqx@joomla.org,Female,55,15.07,52.86,15.05,91.03,1.72,240.2,47.03,21.9,5
970,971,asilcoxqy@comcast.net,Male,50,19.59,31.5,32.68,72.76,154.18,5.93,8.06,31.25,2
971,972,brablanqz@sun.com,Male,32,0.07,3.38,21.88,85.82,62.68,171.41,6.65,25.43,5
972,973,dsaltmarshr0@facebook.com,Male,55,1.99,52.91,43.77,37.64,141.04,156.58,14.9,25.92,1
973,974,cupwoodr1@ft.com,Male,56,46.22,41.77,34.34,74.2,139.1,100.06,2.18,38.54,2
974,975,dpattersonr2@1und1.de,Female,61,5.44,56.44,10.19,56.54,110.87,121.8,9.82,25.17,1
975,976,fslowgrover3@vistaprint.com,Female,56,11.31,9.08,4.77,33.3,24.2,184.58,31.56,50.21,5
976,977,scuniffer4@nasa.gov,Female,50,17.8,54.45,24.33,88.04,199.49,159.18,16.83,41.45,1
977,978,hsiderfinr5@rediff.com,Male,58,17.37,60.76,39.9,80.16,75.09,6.43,7.54,61.91,2
978,979,gbambrar6@uol.com.br,Male,31,7.04,5.21,22.17,52.29,168.99,62.42,33.38,41.6,2
979,980,rmurriganr7@spotify.com,Male,46,33.56,11.66,25.72,65.53,128.57,92.16,2.73,16.46,2
980,981,jmccobbr8@ibm.com,Male,64,10.04,52.65,26.52,32.25,91.96,51.98,15.13,43.87,2
981,982,wbodemeaidr9@wikipedia.org,Female,68,32.39,25.21,25.58,61.3,64.84,128.24,9.75,41.21,5
982,983,mcrosbiera@telegraph.co.uk,Male,46,23.73,32.5,19.85,38.4,152.24,100.52,11.63,47.56,1
983,984,fmacdunlevyrb@kickstarter.com,Female,29,12.76,68.04,37.92,92.26,54.54,53.82,15.0,30.11,2
984,985,jdingivanrc@intel.com,Female,24,14.38,37.04,33.82,81.28,115.58,61.81,11.54,4.81,2
985,986,cstillmannrd@google.ca,Male,43,16.92,24.92,30.48,65.88,132.78,1.59,20.34,51.6,2
986,987,wwalere@epa.gov,Female,68,14.01,9.93,2.1,54.03,153.91,108.5,26.77,47.67,1
987,988,nskeatesrf@wufoo.com,Male,24,9.0,9.78,5.68,60.39,127.39,58.51,27.16,16.71,2
988,989,praikerrg@twitter.com,Female,54,42.84,12.39,9.13,35.41,177.46,25.53,38.96,27.8,2
989,990,dgierrh@blogspot.com,Female,32,40.46,35.52,42.03,68.08,72.63,37.92,12.02,45.38,2
990,991,mbutlinri@newyorker.com,Male,24,39.17,21.23,29.23,99.74,101.76,119.36,20.61,66.99,2
991,992,qkemmeyrj@baidu.com,Female,37,26.41,38.77,12.44,62.44,49.68,8.85,19.68,20.27,2
992,993,cdanserrk@godaddy.com,Female,36,21.29,20.5,1.77,64.39,67.03,206.39,6.69,21.35,5
993,994,ldaelmanrl@disqus.com,Male,31,2.41,56.27,36.09,49.54,184.21,167.31,0.89,50.24,1
994,995,abroomerrm@ebay.com,Male,30,28.83,26.29,30.02,72.97,52.79,243.95,1.36,37.63,5
995,996,epinderrn@deviantart.com,Male,62,8.59,35.85,20.99,10.04,64.61,13.61,9.51,45.94,2
996,997,ssellarro@ihg.com,Female,43,10.98,53.25,11.99,20.25,60.75,26.51,27.3,40.49,2
997,998,mtannrp@ameblo.jp,Male,30,25.86,51.52,28.95,77.5,140.68,123.25,25.43,38.51,1
998,999,ssagarrq@gizmodo.com,Female,67,41.34,3.19,48.01,77.73,27.31,171.44,25.08,49.99,5
999,1000,ldowdallrr@plala.or.jp,Female,31,38.13,2.64,9.58,68.79,38.67,150.95,47.16,22.46,5
